Date,Open,High,Low,Close,Volume,Dividends,Splits
2022-01-03 00:00:00-05:00,174.77180525837534,179.73496187327837,174.653873733677,178.87991333007812,104487900,0.0,0.0
2022-01-04 00:00:00-05:00,179.4892694890775,179.79393593953884,176.0396222685355,176.60964965820312,99310400,0.0,0.0
2022-01-05 00:00:00-05:00,176.52118146370043,177.0715485386063,171.63665117934394,171.91183471679688,94537600,0.0,0.0
2022-01-06 00:00:00-05:00,169.73004270966848,172.28533602057317,168.68827412789958,169.04208374023438,96904000,0.0,0.0
2022-01-07 00:00:00-05:00,169.91678674303358,171.14529032437787,168.08877281413805,169.20916748046875,86709100,0.0,0.0
2022-01-10 00:00:00-05:00,166.1722734494287,169.53345670452697,165.27791944101605,169.22879028320312,106765600,0.0,0.0
2022-01-11 00:00:00-05:00,169.3565468312396,172.1673477977068,167.8823429695319,172.06907653808594,76138300,0.0,0.0
2022-01-12 00:00:00-05:00,173.09120251884048,174.13297095610363,171.8135710369917,172.5113525390625,74805200,0.0,0.0
2022-01-13 00:00:00-05:00,172.7570481888216,173.5825988136433,168.83566022635117,169.22879028320312,84505800,0.0,0.0
2022-01-14 00:00:00-05:00,168.39342931174855,170.79147055967272,168.14772861005764,170.09368896484375,80440800,0.0,0.0
2022-01-18 00:00:00-05:00,168.56048225619764,169.57276781693594,166.4966056259258,166.87989807128906,90956700,0.0,0.0
2022-01-19 00:00:00-05:00,167.07644696659617,168.13787560571404,163.08627069140266,163.37127685546875,94815000,0.0,0.0
2022-01-20 00:00:00-05:00,164.10838623013277,166.76195044943782,161.3565357449214,161.6808624267578,91420500,0.0,0.0
2022-01-21 00:00:00-05:00,161.5924017044035,163.46955826967317,159.50886499109,159.61697387695312,122848900,0.0,0.0
2022-01-24 00:00:00-05:00,157.26808565686596,159.50887451917274,152.0395683138979,158.84056091308594,162294600,0.0,0.0
2022-01-25 00:00:00-05:00,156.24596615896806,159.9609590965899,154.31968130054574,157.03221130371094,115798400,0.0,0.0
2022-01-26 00:00:00-05:00,160.6882317654177,161.56292551584528,155.1059199641222,156.94375610351562,108275300,0.0,0.0
2022-01-27 00:00:00-05:00,159.65629046052865,161.02238556956317,155.55800513342504,156.48184204101562,121954600,0.0,0.0
2022-01-28 00:00:00-05:00,162.86022878833853,167.42043234611594,160.00026956448573,167.40077209472656,179935700,0.0,0.0
2022-01-31 00:00:00-05:00,167.2337176205423,171.99047927683918,166.5948868425434,171.77426147460938,115541600,0.0,0.0
2022-02-01 00:00:00-05:00,171.01749012376968,171.83321815334287,169.3467285555597,171.607177734375,86213900,0.0,0.0
2022-02-02 00:00:00-05:00,171.74477342641566,172.8553452866124,170.34919537896823,172.81602478027344,84914300,0.0,0.0
2022-02-03 00:00:00-05:00,171.47940471663034,173.20914700397037,169.1599898283705,169.92657470703125,89418100,0.0,0.0
2022-02-04 00:00:00-05:00,168.9425345214472,171.32396054369477,167.9584796418521,169.64122009277344,82465400,0.22,0.0
2022-02-07 00:00:00-05:00,170.1037296917855,171.17634592324976,168.22418123926562,168.92286682128906,77251200,0.0,0.0
2022-02-08 00:00:00-05:00,168.9917215679186,172.55401004838063,168.69650213361186,172.04229736328125,74829200,0.0,0.0
2022-02-09 00:00:00-05:00,173.24284884864312,173.83327271357754,172.11117683042102,173.46917724609375,71285000,0.0,0.0
2022-02-10 00:00:00-05:00,171.36331383328056,172.68194375053233,168.8146153330359,169.37551879882812,90865900,0.0,0.0
2022-02-11 00:00:00-05:00,169.5821687118747,170.32020982591467,165.36056513089437,165.9510040283203,98670700,0.0,0.0
2022-02-14 00:00:00-05:00,164.70124720629926,166.87601492289843,163.90416522012222,166.1871795654297,86185500,0.0,0.0
2022-02-15 00:00:00-05:00,168.2438788430367,170.19230347259372,167.53535806583648,170.03485107421875,62527400,0.0,0.0
2022-02-16 00:00:00-05:00,169.10980971830162,170.57604164188683,167.3385082183659,169.79864501953125,61177400,0.0,0.0
2022-02-17 00:00:00-05:00,168.30289138097328,169.1688644106395,165.78371349338204,166.1871795654297,69589300,0.0,0.0
2022-02-18 00:00:00-05:00,167.1121922796674,167.82069791691148,163.54006857345092,164.6323699951172,82772700,0.0,0.0
2022-02-22 00:00:00-05:00,162.34938552584524,164.03212613943992,159.56450814551414,161.69992065429688,91162800,0.0,0.0
2022-02-23 00:00:00-05:00,162.90043598288878,163.50071005203375,157.20276491304196,157.51766967773438,90009200,0.0,0.0
2022-02-24 00:00:00-05:00,150.14708038143124,160.25332719300383,149.57632680623354,160.14508056640625,141147500,0.0,0.0
2022-02-25 00:00:00-05:00,161.22754578023935,162.48713480856267,158.30490162446958,162.22145080566406,91974200,0.0,0.0
2022-02-28 00:00:00-05:00,160.45998619224247,162.78235630766343,159.84002681342048,162.4871368408203,95056600,0.0,0.0
2022-03-01 00:00:00-05:00,162.07383007117033,163.94354328714707,159.3873645469528,160.59774780273438,83474400,0.0,0.0
2022-03-02 00:00:00-05:00,161.76879262391375,164.69143702654492,160.3517510934881,163.90419006347656,79724800,0.0,0.0
2022-03-03 00:00:00-05:00,165.78372557589515,166.21671212228483,162.91028714997404,163.57943725585938,76678400,0.0,0.0
2022-03-04 00:00:00-05:00,161.86718160657645,162.9102773059474,159.51529120397137,160.56822204589844,83737200,0.0,0.0
2022-03-07 00:00:00-05:00,160.75519357831982,162.38872815867046,156.5040696124171,156.7599334716797,96418800,0.0,0.0
2022-03-08 00:00:00-05:00,156.28759642734667,160.28285666328267,153.3157466151268,154.92959594726562,131148300,0.0,0.0
2022-03-09 00:00:00-05:00,158.905153435018,160.80438687004462,156.86816795403388,160.35171508789062,91454900,0.0,0.0
2022-03-10 00:00:00-05:00,157.64557545679153,157.83254827067594,153.49286301272676,155.99237060546875,105342000,0.0,0.0
2022-03-11 00:00:00-05:00,156.39582947431037,156.74025467661986,152.03647371376925,152.26280212402344,96970100,0.0,0.0
2022-03-14 00:00:00-04:00,149.035105347276,151.66253001815127,147.70664029732,148.2183380126953,108732100,0.0,0.0
2022-03-15 00:00:00-04:00,148.4938731423045,153.08942257610076,147.98217542358523,152.6170654296875,92964300,0.0,0.0
2022-03-16 00:00:00-04:00,154.54582575293017,157.44878471807237,151.99712715402308,157.04531860351562,102300200,0.0,0.0
2022-03-17 00:00:00-04:00,156.0809539111175,158.43284460620507,155.11658427872035,158.05889892578125,75615400,0.0,0.0
2022-03-18 00:00:00-04:00,157.9506391261387,161.85733809568418,157.21259798603037,161.3653106689453,123511700,0.0,0.0
2022-03-21 00:00:00-04:00,160.90280343219604,163.69753062342352,160.410776006235,162.7429962158203,95811400,0.0,0.0
2022-03-22 00:00:00-04:00,162.87093913529952,166.71859782423698,162.28051513918757,166.128173828125,81532000,0.0,0.0
2022-03-23 00:00:00-04:00,165.31139897375533,169.8872485547504,164.9768088738895,167.49600219726562,98062700,0.0,0.0
2022-03-24 00:00:00-04:00,168.33240391380366,171.363294359729,167.49596638171184,171.29441833496094,90131400,0.0,0.0
2022-03-25 00:00:00-04:00,171.10746429170044,172.48513509296794,169.99547749215097,171.93406677246094,80546200,0.0,0.0
2022-03-28 00:00:00-04:00,169.42471770580778,172.92795048627315,169.25743018713217,172.80003356933594,90371900,0.0,0.0
2022-03-29 00:00:00-04:00,173.8726518827145,176.15565130084448,173.52822668291532,176.10646057128906,100589400,0.0,0.0
2022-03-30 00:00:00-04:00,175.7029863422026,176.7460820205957,173.88247896845155,174.9354248046875,92633200,0.0,0.0
2022-03-31 00:00:00-04:00,175.00431393883977,175.19128676604245,171.61916279397346,171.82582092285156,103049300,0.0,0.0
2022-04-01 00:00:00-04:00,171.25504448846627,172.09149702017976,169.198373694139,171.53057861328125,78751300,0.0,0.0
2022-04-04 00:00:00-04:00,171.78648438629216,175.64397809076996,171.6585524344424,175.5947723388672,76468400,0.0,0.0
2022-04-05 00:00:00-04:00,174.66974256872732,175.45698948199342,171.6388517127187,172.26864624023438,73401800,0.0,0.0
2022-04-06 00:00:00-04:00,169.61171210783138,170.86146610106397,167.4172737694601,169.0901641845703,89058800,0.0,0.0
2022-04-07 00:00:00-04:00,168.43081790840108,170.5957353976524,167.14170856316215,169.3951873779297,77594700,0.0,0.0
2022-04-08 00:00:00-04:00,169.0409389910171,169.0409389910171,166.5020757053073,167.3778839111328,76575500,0.0,0.0
2022-04-11 00:00:00-04:00,166.01991058277108,166.33480034612657,162.8610877127669,163.1071014404297,72246700,0.0,0.0
2022-04-12 00:00:00-04:00,165.3408783419899,167.16137056561655,163.9828780227514,164.9866180419922,79265200,0.0,0.0
2022-04-13 00:00:00-04:00,164.72093797881234,168.3127321148904,164.11082878699807,167.6829376220703,70618900,0.0,0.0
2022-04-14 00:00:00-04:00,167.89944882901148,168.53909354843174,162.40842046943686,162.65443420410156,75329400,0.0,0.0
2022-04-18 00:00:00-04:00,161.30627040967605,163.9435452353402,160.9618602189061,162.4379425048828,69023900,0.0,0.0
2022-04-19 00:00:00-04:00,162.38871857930025,165.14407487442162,161.29641720934256,164.7307586669922,67723800,0.0,0.0
2022-04-20 00:00:00-04:00,166.06909457220715,166.18719136722032,163.45152002793873,164.56349182128906,67929800,0.0,0.0
2022-04-21 00:00:00-04:00,166.21672062047585,168.79493971335873,163.26455585195845,163.76641845703125,87227800,0.0,0.0
2022-04-22 00:00:00-04:00,163.80576949112535,165.1932753547798,158.92485105020066,159.21022033691406,84882400,0.0,0.0
2022-04-25 00:00:00-04:00,158.55092119216803,160.56823674674308,155.9333465615322,160.28286743164062,96046400,0.0,0.0
2022-04-26 00:00:00-04:00,159.66290065876512,159.7514619922399,154.22107849702726,154.2998046875,95623200,0.0,0.0
2022-04-27 00:00:00-04:00,153.42399128149194,157.24211378977282,152.9024434257798,154.07347106933594,88063200,0.0,0.0
2022-04-28 00:00:00-04:00,156.710745963074,161.8967195942573,156.3958411813348,161.03074645996094,130216800,0.0,0.0
2022-04-29 00:00:00-04:00,159.25942241026976,163.54990186297132,154.74261456190868,155.13623046875,131747600,0.0,0.0
2022-05-02 00:00:00-04:00,154.21123096519486,155.70698341755673,150.8260801242461,155.44129943847656,123055300,0.0,0.0
2022-05-03 00:00:00-04:00,155.62827792248643,158.14747110367338,153.82747065183054,156.93707275390625,88966500,0.0,0.0
2022-05-04 00:00:00-04:00,157.12404795896134,163.82545959087432,156.72058183628712,163.372802734375,108256500,0.0,0.0
2022-05-05 00:00:00-04:00,161.23738888499025,161.46371729012728,152.47929194392455,154.27027893066406,130525300,0.0,0.0
2022-05-06 00:00:00-04:00,153.74796732614354,157.1282427342657,151.9444991405495,154.9995574951172,116124600,0.23,0.0
2022-05-09 00:00:00-04:00,152.68360662844097,153.5705662251753,149.29349706523496,149.855224609375,131577900,0.0,0.0
2022-05-10 00:00:00-04:00,153.26506437118704,154.46737635991622,150.71260627459526,152.2696990966797,115366700,0.0,0.0
2022-05-11 00:00:00-04:00,151.2743434971103,153.19606667734942,143.69584140711092,144.37583923339844,142689800,0.0,0.0
2022-05-12 00:00:00-04:00,140.6999427258126,144.08020299470905,136.78750364436277,140.49298095703125,182602000,0.0,0.0
2022-05-13 00:00:00-04:00,142.49350909677597,145.95262536439833,141.03497261426267,144.9769744873047,113990900,0.0,0.0
2022-05-16 00:00:00-04:00,143.43962842487466,145.38106598701418,142.08948225415682,143.4297637939453,86643800,0.0,0.0
2022-05-17 00:00:00-04:00,146.70164625018603,147.5984555661727,144.55324673702833,147.07614135742188,78336300,0.0,0.0
2022-05-18 00:00:00-04:00,144.72078142086878,145.2233813560545,137.87153963890293,138.77821350097656,109742900,0.0,0.0
2022-05-19 00:00:00-04:00,137.8518359532745,139.6060259100609,134.61939501913687,135.3585205078125,136095600,0.0,0.0
2022-05-20 00:00:00-04:00,137.07328272324338,138.65993938193793,130.68724267872005,135.59503173828125,137426100,0.0,0.0
2022-05-23 00:00:00-04:00,135.79214749031698,141.1828380246541,135.65417798096212,141.03501892089844,117726300,0.0,0.0
2022-05-24 00:00:00-04:00,138.76833186496543,139.9115161270146,135.33879411636306,138.32485961914062,104132700,0.0,0.0
2022-05-25 00:00:00-04:00,136.42283633085628,139.7341188389118,136.33414488879876,138.4825439453125,92482700,0.0,0.0
2022-05-26 00:00:00-04:00,135.3979626037819,142.24719057579537,135.15158738869113,141.6953125,90601500,0.0,0.0
2022-05-27 00:00:00-04:00,143.28194375102797,147.50973506608682,143.15382385017716,147.47032165527344,90978500,0.0,0.0
2022-05-31 00:00:00-04:00,146.9085912630533,148.47553371046925,144.71091395436392,146.68191528320312,103718400,0.0,0.0
2022-06-01 00:00:00-04:00,147.72655096677192,149.53988370849348,145.53873817938137,146.55381774902344,74286600,0.0,0.0
2022-06-02 00:00:00-04:00,145.6865807086683,149.07670576522273,144.7306437582719,149.017578125,72348100,0.0,0.0
2022-06-03 00:00:00-04:00,144.77002952584698,145.82452236693706,142.36542073655667,143.27207946777344,88570300,0.0,0.0
2022-06-06 00:00:00-04:00,144.89816741340283,146.4158469197131,142.79904610031343,144.0210723876953,71598400,0.0,0.0
2022-06-07 00:00:00-04:00,142.25703403584302,146.83960633947197,142.0106588574211,146.55381774902344,67808200,0.0,0.0
2022-06-08 00:00:00-04:00,146.42570291726497,147.69699226544608,145.3219468917094,145.814697265625,53950200,0.0,0.0
2022-06-09 00:00:00-04:00,144.9474487547002,145.80482957531117,140.46341743862806,140.5718231201172,69473000,0.0,0.0
2022-06-10 00:00:00-04:00,138.24604500265073,138.7190811555441,135.07273136179253,135.1417236328125,91437900,0.0,0.0
2022-06-13 00:00:00-04:00,130.94348589502584,133.23970455320375,129.53422697538784,129.9678497314453,122207100,0.0,0.0
2022-06-14 00:00:00-04:00,131.1997285355144,131.9487037426672,129.5736431654767,130.8350830078125,84784300,0.0,0.0
2022-06-15 00:00:00-04:00,132.34291441926808,135.34869528930832,130.24380764572436,133.4663848876953,91533000,0.0,0.0
2022-06-16 00:00:00-04:00,130.16490958303865,130.470412336112,127.16897960199907,128.1741943359375,108123900,0.0,0.0
2022-06-17 00:00:00-04:00,128.1841096170733,131.1504619203318,127.92786975836931,129.65249633789062,134520300,0.0,0.0
2022-06-21 00:00:00-04:00,131.48547490267777,135.07269612109914,131.38693387520644,133.8999481201172,81000500,0.0,0.0
2022-06-22 00:00:00-04:00,132.8356344352228,135.76257275465719,131.96840403366457,133.3875274658203,73409200,0.0,0.0
2022-06-23 00:00:00-04:00,134.83622462315083,136.58055018558431,133.66347628298064,136.26519775390625,72433800,0.0,0.0
2022-06-24 00:00:00-04:00,137.87151232385762,139.85237792973814,137.7434074858847,139.6060028076172,89116800,0.0,0.0
2022-06-27 00:00:00-04:00,140.6309166991209,141.40947050604774,138.92600506455636,139.6060028076172,70207900,0.0,0.0
2022-06-28 00:00:00-04:00,140.06922057977073,141.34050987783795,135.32896457557,135.4472198486328,67083400,0.0,0.0
2022-06-29 00:00:00-04:00,135.4669475914292,138.63039676191534,134.68839353261495,137.21127319335938,66242400,0.0,0.0
2022-06-30 00:00:00-04:00,135.25996980273172,136.36372576433453,131.8304316095035,134.73765563964844,98964500,0.0,0.0
2022-07-01 00:00:00-04:00,134.06750724522163,137.02400931509246,133.69302720857007,136.9156036376953,71051600,0.0,0.0
2022-07-05 00:00:00-04:00,135.77242091666662,139.5567395850138,134.9445889899598,139.50746154785156,73353800,0.0,0.0
2022-07-06 00:00:00-04:00,139.30050454673838,142.03033016068872,139.03441519576913,140.8477325439453,74064300,0.0,0.0
2022-07-07 00:00:00-04:00,141.2123976378396,144.42513974752345,141.20254804373226,144.22804260253906,66253700,0.0,0.0
2022-07-08 00:00:00-04:00,143.15382993164704,145.41063501342293,142.89760515660754,144.90802001953125,64547800,0.0,0.0
2022-07-11 00:00:00-04:00,143.55788906254995,144.51382597051048,141.69529329047643,142.7694854736328,63141600,0.0,0.0
2022-07-12 00:00:00-04:00,143.6465763614465,146.29757564571045,142.946879286725,143.74513244628906,77588800,0.0,0.0
2022-07-13 00:00:00-04:00,140.91675656689353,144.3265807145126,140.0593606954875,143.38050842285156,71185600,0.0,0.0
2022-07-14 00:00:00-04:00,141.9909289473083,146.79031208077845,141.17296164080028,146.31727600097656,78140700,0.0,0.0
2022-07-15 00:00:00-04:00,147.60831579328757,148.67265851350987,146.0512226491225,147.99266052246094,76259900,0.0,0.0
2022-07-18 00:00:00-04:00,148.55437722703743,149.37234459214557,144.5729460772953,144.93759155273438,81420900,0.0,0.0
2022-07-19 00:00:00-04:00,145.77527885211921,149.0372841460399,144.7799284417916,148.8106231689453,82982400,0.0,0.0
2022-07-20 00:00:00-04:00,148.92883987406518,151.49114734609626,148.18971445377295,150.8209991455078,64823400,0.0,0.0
2022-07-21 00:00:00-04:00,152.25983742490192,153.3143302483906,149.73695838231532,153.09751892089844,65086600,0.0,0.0
2022-07-22 00:00:00-04:00,153.13695840464973,154.01405345612082,151.1856711624816,151.85580444335938,66675400,0.0,0.0
2022-07-25 00:00:00-04:00,151.77694330248553,152.79200772624299,150.07203146028309,150.73231506347656,53623900,0.0,0.0
2022-07-26 00:00:00-04:00,150.05232023117222,150.87028755705626,148.61349773507445,149.4019012451172,55138700,0.0,0.0
2022-07-27 00:00:00-04:00,150.36768298523742,155.04881082380393,149.9537745387539,154.51663208007812,78620700,0.0,0.0
2022-07-28 00:00:00-04:00,154.70391221573936,155.35434635629224,152.17118296547585,155.0685577392578,81378700,0.0,0.0
2022-07-29 00:00:00-04:00,158.90212681060993,161.25747271207914,157.18735030288008,160.15370178222656,101786900,0.0,0.0
2022-08-01 00:00:00-04:00,158.6754321167576,161.2180252437156,158.5571768672624,159.16818237304688,67829400,0.0,0.0
2022-08-02 00:00:00-04:00,157.77866315380257,160.05516729364513,157.31547663627524,157.68995666503906,59907000,0.0,0.0
2022-08-03 00:00:00-04:00,158.5079152513036,164.17454378554137,158.4192238049961,163.72122192382812,82507500,0.0,0.0
2022-08-04 00:00:00-04:00,163.60296566260632,164.76586430720064,162.04587275334626,163.40586853027344,55474100,0.0,0.0
2022-08-05 00:00:00-04:00,161.0670087670179,163.67234414686934,160.85975950635904,163.1789093017578,56697000,0.23,0.0
2022-08-08 00:00:00-04:00,164.18548932563507,165.60658394853183,162.04398411639912,162.70518493652344,60276900,0.0,0.0
2022-08-09 00:00:00-04:00,161.86634007237882,163.64270818917976,161.1064463388297,162.7545166015625,63135500,0.0,0.0
2022-08-10 00:00:00-04:00,165.4782929876242,167.11650019395563,164.7085358778416,167.017822265625,70170500,0.0,0.0
2022-08-11 00:00:00-04:00,167.8270416248752,168.74483818248612,165.9816002931334,166.2776641845703,57149200,0.0,0.0
2022-08-12 00:00:00-04:00,167.59020942251294,169.9093440404782,167.1757109224635,169.84027099609375,68039400,0.0,0.0
2022-08-15 00:00:00-04:00,169.2678538821815,171.11329495244684,169.10008788110582,170.91592407226562,54091700,0.0,0.0
2022-08-16 00:00:00-04:00,170.5113239880509,171.42912052331732,169.40603488259293,170.75804138183594,56377100,0.0,0.0
2022-08-17 00:00:00-04:00,170.5014454179234,173.83705404292962,170.30407453228813,172.25807189941406,79542000,0.0,0.0
2022-08-18 00:00:00-04:00,171.46858522763415,172.60347919281742,170.84685258911696,171.8633270263672,62290100,0.0,0.0
2022-08-19 00:00:00-04:00,170.758051022337,171.4587350859564,169.06063405258988,169.26788330078125,70346300,0.0,0.0
2022-08-22 00:00:00-04:00,167.461909771558,167.62967580149297,164.94538920566245,165.3697509765625,69026800,0.0,0.0
2022-08-23 00:00:00-04:00,164.88617053329148,166.49477276056035,164.46180878530728,165.03419494628906,54147100,0.0,0.0
2022-08-24 00:00:00-04:00,165.12301180960134,165.90263208814247,164.0670542175665,165.3302459716797,53841500,0.0,0.0
2022-08-25 00:00:00-04:00,166.56386770201752,167.90601110393493,166.13952095667054,167.79745483398438,51218200,0.0,0.0
2022-08-26 00:00:00-04:00,168.3303593412636,168.80405254539968,161.4123936253421,161.4716033935547,78961000,0.0,0.0
2022-08-29 00:00:00-04:00,159.03404123840198,160.76106316026429,157.72151782921043,159.2610321044922,73314000,0.0,0.0
2022-08-30 00:00:00-04:00,160.00114607354294,160.42549270190426,155.6490482577436,156.82342529296875,77906200,0.0,0.0
2022-08-31 00:00:00-04:00,158.20506309707196,158.47152210531658,155.07668827346,155.1556396484375,87991100,0.0,0.0
2022-09-01 00:00:00-04:00,154.5832350896264,156.33986156326952,152.6391010050158,155.8859100341797,74229900,0.0,0.0
2022-09-02 00:00:00-04:00,157.65239775798332,158.2543887367361,152.93516289828764,153.76412963867188,76957800,0.0,0.0
2022-09-06 00:00:00-04:00,154.41545987678768,155.02731410056845,151.6719640845397,152.5009307861328,73714800,0.0,0.0
2022-09-07 00:00:00-04:00,152.78717010211398,154.61286996329966,151.59305117128892,153.91220092773438,87449600,0.0,0.0
2022-09-08 00:00:00-04:00,152.60951406525444,154.30693097885487,150.6752430270464,152.431884765625,84923800,0.0,0.0
2022-09-09 00:00:00-04:00,153.42861893209738,155.74776853082003,152.71807161072002,155.3036651611328,68028800,0.0,0.0
2022-09-12 00:00:00-04:00,157.49449766359504,162.10317635640433,157.2083121383532,161.28407287597656,104956000,0.0,0.0
2022-09-13 00:00:00-04:00,157.80048194247433,158.43207803993755,151.35622306949463,151.82005310058594,122656600,0.0,0.0
2022-09-14 00:00:00-04:00,152.75754500619573,155.037226524522,151.5930460586156,153.27072143554688,87965400,0.0,0.0
2022-09-15 00:00:00-04:00,152.6193698403597,153.2016343191028,149.39231725485783,150.3693084716797,90481100,0.0,0.0
2022-09-16 00:00:00-04:00,149.22455028716234,149.36271142090462,146.4218293394224,148.7212371826172,162278800,0.0,0.0
2022-09-19 00:00:00-04:00,147.34950026158054,152.530565756339,147.142266074514,152.4516143798828,81474200,0.0,0.0
2022-09-20 00:00:00-04:00,151.38579993733708,156.0043577800845,151.07000947628035,154.83984375,107689800,0.0,0.0
2022-09-21 00:00:00-04:00,155.27406232514645,156.6556888275703,151.5831795854477,151.70159912109375,101696800,0.0,0.0
2022-09-22 00:00:00-04:00,150.37919289810281,152.44174672656402,148.92849339656019,150.73446655273438,86652500,0.0,0.0
2022-09-23 00:00:00-04:00,149.20480341314504,149.4811256708757,146.60933178685332,148.45477294921875,96029900,0.0,0.0
2022-09-26 00:00:00-04:00,147.69490315670595,151.750937683408,147.67516154898482,148.7903289794922,93339400,0.0,0.0
2022-09-27 00:00:00-04:00,150.7344617346572,152.68845924345578,147.98108723466274,149.76731872558594,84442700,0.0,0.0
2022-09-28 00:00:00-04:00,145.70144817206113,148.66205739939247,142.93820988153112,147.87255859375,146691400,0.0,0.0
2022-09-29 00:00:00-04:00,144.18162354073726,144.79347774230442,138.83277820893315,140.60914611816406,128138200,0.0,0.0
2022-09-30 00:00:00-04:00,139.42493615755308,141.2210460611346,136.18800506786133,136.3853759765625,124925300,0.0,0.0
2022-10-03 00:00:00-04:00,136.39527183139853,141.19145931529042,135.8820953561044,140.57958984375,114311700,0.0,0.0
2022-10-04 00:00:00-04:00,143.125713321253,144.30009068947933,142.36581942561767,144.18167114257812,87830100,0.0,0.0
2022-10-05 00:00:00-04:00,142.17829892107557,145.44483462169993,141.13220458118386,144.47769165039062,79471000,0.0,0.0
2022-10-06 00:00:00-04:00,143.8954314678292,145.60271139252504,143.31318210889143,143.52041625976562,68402200,0.0,0.0
2022-10-07 00:00:00-04:00,140.6683921871329,141.22105183590455,137.61896860646343,138.2505645751953,85925600,0.0,0.0
2022-10-10 00:00:00-04:00,138.5762176513672,140.02691706572585,136.7505180551927,138.5762176513672,74899000,0.0,0.0
2022-10-11 00:00:00-04:00,138.06306971513882,139.49404287569013,136.40513579064609,137.1551513671875,77033700,0.0,0.0
2022-10-12 00:00:00-04:00,137.30316442493086,138.51700974724292,136.3458997629281,136.52352905273438,70433700,0.0,0.0
2022-10-13 00:00:00-04:00,133.21753108987443,141.7046005106399,132.6056617056489,141.11248779296875,113224000,0.0,0.0
2022-10-14 00:00:00-04:00,142.41513233177395,142.62238154840435,136.37549592938134,136.56300354003906,88598000,0.0,0.0
2022-10-17 00:00:00-04:00,139.21768336307096,141.0236412417774,138.4281847753723,140.5400848388672,85250900,0.0,0.0
2022-10-18 00:00:00-04:00,143.57964610972482,144.7737497481639,138.7637182271675,141.86248779296875,99136600,0.0,0.0
2022-10-19 00:00:00-04:00,139.8295639891064,143.04675364711534,139.64205634508835,141.9710693359375,61758300,0.0,0.0
2022-10-20 00:00:00-04:00,141.1420652904652,143.97437563945456,140.77691337406094,141.5072021484375,64522000,0.0,0.0
2022-10-21 00:00:00-04:00,140.99403842665825,145.90865930136042,140.77692593540152,145.33627319335938,86548600,0.0,0.0
2022-10-24 00:00:00-04:00,145.25732078304517,148.25739736853123,144.08294369562876,147.48764038085938,75981900,0.0,0.0
2022-10-25 00:00:00-04:00,148.11924989222194,150.4877458912043,147.39883932372416,150.33970642089844,74732300,0.0,0.0
2022-10-26 00:00:00-04:00,148.97782224560154,149.99429659795183,146.09615013348827,147.3889617919922,88194300,0.0,0.0
2022-10-27 00:00:00-04:00,146.12579536819774,147.09292340264514,142.23752656273683,142.8987274169922,109180200,0.0,0.0
2022-10-28 00:00:00-04:00,146.2540490373011,155.43193790631275,145.87904888716614,153.69505310058594,164762400,0.0,0.0
2022-10-31 00:00:00-04:00,151.14893931793952,152.21476020669766,149.92521569193562,151.32656860351562,97943200,0.0,0.0
2022-11-01 00:00:00-04:00,153.0437301537615,153.40886706506188,147.17185939924275,148.67189025878906,80379300,0.0,0.0
2022-11-02 00:00:00-04:00,146.9942133937789,150.1719344831505,143.09608176430027,143.1256866455078,93604600,0.0,0.0
2022-11-03 00:00:00-04:00,140.1946956802254,140.92498461939732,136.92815965034873,137.05645751953125,97918500,0.0,0.0
2022-11-04 00:00:00-04:00,140.456901891493,141.03023754059535,132.83552430474884,136.78955078125,140814800,0.23,0.0
2022-11-07 00:00:00-05:00,135.53415428478314,137.55070131674174,134.1107022229699,137.32334899902344,83374600,0.0,0.0
2022-11-08 00:00:00-05:00,138.796212085486,139.8044779338877,135.9097746908865,137.89666748046875,89908500,0.0,0.0
2022-11-09 00:00:00-05:00,136.90816917152026,136.95759752003397,133.0431046023265,133.31988525390625,74917800,0.0,0.0
2022-11-10 00:00:00-05:00,139.61669377296678,145.18197631835938,137.8966866598679,145.18197631835938,118854000,0.0,0.0
2022-11-11 00:00:00-05:00,144.1440507641814,148.28588106740983,142.71070401695297,147.9794464111328,93979700,0.0,0.0
2022-11-14 00:00:00-05:00,147.2578471962193,148.55278858529147,145.73553840162515,146.57577514648438,73374100,0.0,0.0
2022-11-15 00:00:00-05:00,150.47048891741846,151.82473825025608,146.85255082741247,148.31553649902344,89868300,0.0,0.0
2022-11-16 00:00:00-05:00,147.4160140311921,148.14749936078283,145.59715017769167,147.0799102783203,64218300,0.0,0.0
2022-11-17 00:00:00-05:00,144.747029718181,149.73899160011717,144.47024904717685,148.98773193359375,80389400,0.0,0.0
2022-11-18 00:00:00-05:00,150.55947443780138,150.94499150219465,148.2463720514419,149.5511932373047,74829600,0.0,0.0
2022-11-21 00:00:00-05:00,148.4341513417214,148.64172927634687,146.0221928785554,146.30885314941406,58724100,0.0,0.0
2022-11-22 00:00:00-05:00,146.42749193221246,148.6911654782662,145.24127190945183,148.45391845703125,51804100,0.0,0.0
2022-11-23 00:00:00-05:00,147.73231865639212,150.08496935516192,147.62358231947215,149.33370971679688,58301400,0.0,0.0
2022-11-25 00:00:00-05:00,146.60539786998885,147.16885381990136,145.42907271146612,146.40769958496094,35195900,0.0,0.0
2022-11-28 00:00:00-05:00,143.47186332830165,144.95462339373816,141.73209694821898,142.56243896484375,69246000,0.0,0.0
2022-11-29 00:00:00-05:00,142.6316213475949,143.14564904140522,138.73691772229893,139.5474853515625,83763800,0.0,0.0
2022-11-30 00:00:00-05:00,139.77482505617792,147.01070049689147,138.93460350915308,146.32862854003906,111380900,0.0,0.0
2022-12-01 00:00:00-05:00,146.50659660440166,147.41602103263662,144.92497972191345,146.60543823242188,71250400,0.0,0.0
2022-12-02 00:00:00-05:00,144.28243209151336,146.29897894842466,143.9759823709456,146.1111602783203,65447400,0.0,0.0
2022-12-05 00:00:00-05:00,146.07164500360574,149.18543519719876,144.0946315261712,144.9447479248047,68826400,0.0,0.0
2022-12-06 00:00:00-05:00,145.37969348940564,145.6070458162454,140.28887472844136,141.2675018310547,64727200,0.0,0.0
2022-12-07 00:00:00-05:00,140.55574731051865,141.7221777874695,138.39091557496423,139.3201141357422,69721100,0.0,0.0
2022-12-08 00:00:00-05:00,140.72379200985142,141.87046321930262,139.47827919618652,141.0104522705078,62128300,0.0,0.0
2022-12-09 00:00:00-05:00,140.70401646542416,143.89690343111556,139.2805646427551,140.52609252929688,76097000,0.0,0.0
2022-12-12 00:00:00-05:00,141.0598951045821,142.83921008074833,139.4387448115005,142.82933044433594,70462700,0.0,0.0
2022-12-13 00:00:00-05:00,147.78174582279246,148.24634516014598,142.58220621584587,143.79806518554688,93886200,0.0,0.0
2022-12-14 00:00:00-05:00,143.67944472283807,144.9743859949628,139.5375995292449,141.5640411376953,82291200,0.0,0.0
2022-12-15 00:00:00-05:00,139.48816842184618,140.17024039649047,134.46655303010576,134.93115234375,98931900,0.0,0.0
2022-12-16 00:00:00-05:00,135.11898755239025,136.06794556798988,132.1930009902241,132.9640350341797,160156900,0.0,0.0
2022-12-19 00:00:00-05:00,133.55714671976315,133.64610870665976,129.81071279854106,130.8486328125,79592600,0.0,0.0
2022-12-20 00:00:00-05:00,129.87990467683858,131.71852788327385,128.3971445130494,130.77944946289062,77432800,0.0,0.0
2022-12-21 00:00:00-05:00,131.45160643001654,135.2375886040089,131.224254130209,133.89321899414062,85928000,0.0,0.0
2022-12-22 00:00:00-05:00,132.8058800384377,133.01345799694343,128.80242492111796,130.71023559570312,77852100,0.0,0.0
2022-12-23 00:00:00-05:00,129.41528379353238,130.89804371107982,128.14999653723166,130.344482421875,63814900,0.0,0.0
2022-12-27 00:00:00-05:00,129.86999709579138,129.8996510860134,127.24056601774359,128.53550720214844,69007800,0.0,0.0
2022-12-28 00:00:00-05:00,128.17965363057965,129.52402325835672,124.42333294025542,124.59137725830078,85438400,0.0,0.0
2022-12-29 00:00:00-05:00,126.51899273546343,128.98037274089862,126.26198637816472,128.12037658691406,75703700,0.0,0.0
2022-12-30 00:00:00-05:00,126.93415661096817,128.4564503839377,125.9654166682795,128.43667602539062,77034200,0.0,0.0
2023-01-03 00:00:00-05:00,128.78264911213327,129.39551842727084,122.74287269172645,123.63253021240234,112117500,0.0,0.0
2023-01-04 00:00:00-05:00,125.4316068972832,127.18126787275598,123.64241229292817,124.90769958496094,89113600,0.0,0.0
2023-01-05 00:00:00-05:00,125.66885678017948,126.30150047855705,123.32610067708713,123.5831069946289,80962700,0.0,0.0
2023-01-06 00:00:00-05:00,124.56174634601723,128.79254678200937,123.45461599396971,128.1302490234375,87754700,0.0,0.0
2023-01-09 00:00:00-05:00,128.9704583829939,131.87667022454877,128.39712274020837,128.6541290283203,70790800,0.0,0.0
2023-01-10 00:00:00-05:00,128.76287866678214,129.75138537718297,126.64747490986099,129.22747802734375,63896200,0.0,0.0
2023-01-11 00:00:00-05:00,129.7415193359335,131.97553930551643,128.9606055895864,131.95578002929688,69458900,0.0,0.0
2023-01-12 00:00:00-05:00,132.34127780837738,132.71690008626126,129.92931912019301,131.87667846679688,71379600,0.0,0.0
2023-01-13 00:00:00-05:00,130.51253218381837,133.36931580754018,130.14678954891528,133.21115112304688,57809700,0.0,0.0
2023-01-17 00:00:00-05:00,133.2803661632613,135.7120843078782,132.58841445883436,134.3776092529297,63646600,0.0,0.0
2023-01-18 00:00:00-05:00,135.24748690824802,137.01690717262807,133.47805156045354,133.65599060058594,69672800,0.0,0.0
2023-01-19 00:00:00-05:00,132.53897616267878,134.68403382720132,132.23254150823482,133.71530151367188,58280400,0.0,0.0
2023-01-20 00:00:00-05:00,133.72517191147224,136.4336854309728,132.67735732670167,136.285400390625,80223600,0.0,0.0
2023-01-23 00:00:00-05:00,136.5325191798673,141.67276528101772,136.3150465332765,139.4881591796875,81760300,0.0,0.0
2023-01-24 00:00:00-05:00,138.69737484670043,141.514625019409,138.6874952095744,140.89186096191406,66435100,0.0,0.0
2023-01-25 00:00:00-05:00,139.27070057060922,140.79299416676852,137.21460493959157,140.22955322265625,65799300,0.0,0.0
2023-01-26 00:00:00-05:00,141.52447606882814,142.59206491599028,140.26906857030244,142.30540466308594,54105100,0.0,0.0
2023-01-27 00:00:00-05:00,141.51463933928596,145.53785423534342,141.43555698402906,144.25279235839844,70555800,0.0,0.0
2023-01-30 00:00:00-05:00,143.29392490593287,143.87714018615392,141.208175354279,141.3564453125,64015300,0.0,0.0
2023-01-31 00:00:00-05:00,141.05988522159177,142.68103540109175,140.64471427014323,142.63160705566406,65874500,0.0,0.0
2023-02-01 00:00:00-05:00,142.3152880410748,144.92494470830036,139.69575173845908,143.7584991455078,77663600,0.0,0.0
2023-02-02 00:00:00-05:00,147.18861728641792,149.4424109834998,146.46701173795722,149.08656311035156,118339000,0.0,0.0
2023-02-03 00:00:00-05:00,146.32863460622823,155.571177590554,146.13093629775682,152.72427368164062,154357300,0.0,0.0
2023-02-06 00:00:00-05:00,150.81647157748358,151.3403789118004,149.04703617157855,149.98611450195312,69858300,0.0,0.0
2023-02-07 00:00:00-05:00,148.9086520667493,153.4458943027817,148.9086520667493,152.87255859375,83322600,0.0,0.0
2023-02-08 00:00:00-05:00,152.11141469080906,152.80336635897712,149.43255491704016,150.17393493652344,64120100,0.0,0.0
2023-02-09 00:00:00-05:00,152.0125441621068,152.55622581029445,148.69116137357645,149.135986328125,56007100,0.0,0.0
2023-02-10 00:00:00-05:00,147.9677914305051,149.8290111554016,147.73018216274517,149.50230407714844,57450700,0.23,0.0
2023-02-13 00:00:00-05:00,149.44290943263957,152.71985991539307,149.41321016170093,152.31396484375,62199000,0.0,0.0
2023-02-14 00:00:00-05:00,150.60122163396125,152.23475701699866,149.35380697400552,151.67044067382812,61707600,0.0,0.0
2023-02-15 00:00:00-05:00,151.58132321108715,153.9474604229768,151.35362380168024,153.77915954589844,65573800,0.0,0.0
2023-02-16 00:00:00-05:00,151.97735397330246,154.7692064041291,151.81896289081203,152.1753692626953,68167900,0.0,0.0
2023-02-17 00:00:00-05:00,150.8289315997935,151.47243590583543,149.34390771836374,151.0269317626953,59144100,0.0,0.0
2023-02-21 00:00:00-05:00,148.7004026088836,149.78942626925934,146.92828058675818,146.99757385253906,58867200,0.0,0.0
2023-02-22 00:00:00-05:00,147.38368496565576,148.45290411559392,145.69076597475495,147.4232940673828,51011300,0.0,0.0
2023-02-23 00:00:00-05:00,148.591484366889,148.83898834448985,145.7699480861059,147.9083709716797,48394200,0.0,0.0
2023-02-24 00:00:00-05:00,145.64125487541327,145.72045796846467,144.26513323484133,145.24525451660156,55469600,0.0,0.0
2023-02-27 00:00:00-05:00,146.23526611588312,147.6806809778149,145.97785229460726,146.4431610107422,44998500,0.0,0.0
2023-02-28 00:00:00-05:00,145.58185657335414,147.59158785522064,145.36405184371336,145.93826293945312,50547000,0.0,0.0
2023-03-01 00:00:00-05:00,145.3640509605452,145.76005131760687,143.56221459109048,143.85922241210938,55479000,0.0,0.0
2023-03-02 00:00:00-05:00,142.93850860687647,145.24524759786468,142.46329007120497,144.45323181152344,52238100,0.0,0.0
2023-03-03 00:00:00-05:00,146.56195681168307,149.6013130753249,145.85905393614254,149.52210998535156,70732300,0.0,0.0
2023-03-06 00:00:00-05:00,152.2545193273777,154.73946858972164,151.9278274154318,152.29412841796875,87558000,0.0,0.0
2023-03-07 00:00:00-05:00,152.16545023619062,152.49215731620518,149.62111707090608,150.08642578125,56182000,0.0,0.0
2023-03-08 00:00:00-05:00,151.2843514535327,151.93776567756532,150.31413994619248,151.34375,47204800,0.0,0.0
2023-03-09 00:00:00-05:00,152.02685072996366,152.99706215582498,148.73009571987657,149.0865020751953,53833600,0.0,0.0
2023-03-10 00:00:00-05:00,148.7102983763868,149.43300577006005,146.13625093512175,147.01736450195312,68572400,0.0,0.0
2023-03-13 00:00:00-04:00,146.33423617376167,151.61102231566625,146.2253338291279,148.96768188476562,84457100,0.0,0.0
2023-03-14 00:00:00-04:00,149.7696098588517,151.86843881288326,148.60139830336453,151.0665283203125,73695900,0.0,0.0
2023-03-15 00:00:00-04:00,149.68050801163758,151.71993837140982,148.42318357477492,151.46253967285156,77167900,0.0,0.0
2023-03-16 00:00:00-04:00,150.64082983435895,154.89790141964556,150.1260173130943,154.2939910888672,76161100,0.0,0.0
2023-03-17 00:00:00-04:00,154.52168788730708,155.17510202547024,152.7396561952458,153.4524688720703,98944600,0.0,0.0
2023-03-20 00:00:00-04:00,153.52176753764005,156.24431116818113,152.61093964757077,155.8284912109375,73641400,0.0,0.0
2023-03-21 00:00:00-04:00,155.7493201936468,157.80854012474336,154.97709383642948,157.6897430419922,73938300,0.0,0.0
2023-03-22 00:00:00-04:00,157.70953600837723,160.52117754091816,156.2344068779623,156.25421142578125,75701800,0.0,0.0
2023-03-23 00:00:00-04:00,157.24423866782476,159.9370833205621,156.10571123599644,157.34323120117188,67622100,0.0,0.0
2023-03-24 00:00:00-04:00,157.27391824812167,158.73913747364256,156.2740076797667,158.65003967285156,59196500,0.0,0.0
2023-03-27 00:00:00-04:00,158.34315238139064,159.1648674270664,156.29381212775743,156.69972229003906,52390300,0.0,0.0
2023-03-28 00:00:00-04:00,156.3928163743877,156.9076288835252,154.42267925169685,156.0760040283203,45992200,0.0,0.0
2023-03-29 00:00:00-04:00,157.7788549243155,159.4420897633789,157.75906547972215,159.16488647460938,51305700,0.0,0.0
2023-03-30 00:00:00-04:00,159.9172833200629,160.84790077737682,159.659884598305,160.73899841308594,49501700,0.0,0.0
2023-03-31 00:00:00-04:00,160.8182007028279,163.35263923391068,160.29349343380431,163.25363159179688,68749800,0.0,0.0
2023-04-03 00:00:00-04:00,162.62991638134497,164.62973762588464,162.5804125649775,164.5109405517578,56976200,0.0,0.0
2023-04-04 00:00:00-04:00,164.9366655701128,165.17425973324032,163.46153634610226,163.97634887695312,46278300,0.0,0.0
2023-04-05 00:00:00-04:00,163.0952264685397,163.40212898364032,160.1845772758085,162.125,51511700,0.0,0.0
2023-04-06 00:00:00-04:00,160.80829044689202,163.3130448064106,160.38259082111486,163.0160369873047,45390100,0.0,0.0
2023-04-10 00:00:00-04:00,159.80836691031573,160.4122772216797,158.48174921205518,160.4122772216797,47716900,0.0,0.0
2023-04-11 00:00:00-04:00,160.72909253457362,160.7389872555695,158.90745173956898,159.19456481933594,47644200,0.0,0.0
2023-04-12 00:00:00-04:00,159.61036940374873,160.441979159197,158.18474404786926,158.50155639648438,50133100,0.0,0.0
2023-04-13 00:00:00-04:00,160.01628790137767,164.14465273087802,159.80837789845614,163.90704345703125,68445600,0.0,0.0
2023-04-14 00:00:00-04:00,162.94672669437054,164.65946521821587,162.18442526560762,163.560546875,49386500,0.0,0.0
2023-04-17 00:00:00-04:00,163.4417206444433,163.73872843453088,162.39230621171848,163.580322265625,41516200,0.0,0.0
2023-04-18 00:00:00-04:00,164.4416518212544,165.73857027099072,163.99613256812546,164.80795288085938,49923000,0.0,0.0
2023-04-19 00:00:00-04:00,164.14464415802902,166.48108235627174,163.8872303481945,165.9563751220703,47720200,0.0,0.0
2023-04-20 00:00:00-04:00,164.43175373561738,166.19398100625685,163.90704646438456,164.9861602783203,52456400,0.0,0.0
2023-04-21 00:00:00-04:00,163.40213579346278,164.78815208279067,162.8477292777316,163.3724365234375,58337300,0.0,0.0
2023-04-24 00:00:00-04:00,163.35261424779375,163.94662979672654,162.25369605677815,163.6793212890625,41949600,0.0,0.0
2023-04-25 00:00:00-04:00,163.54070828298535,164.6495211168813,162.09527860470658,162.1348876953125,48714100,0.0,0.0
2023-04-26 00:00:00-04:00,161.43199188421733,163.6298284131595,161.1745931859106,162.125,45498800,0.0,0.0
2023-04-27 00:00:00-04:00,163.54075427728802,166.87710354316513,163.54075427728802,166.72860717773438,64902300,0.0,0.0
2023-04-28 00:00:00-04:00,166.80779457565893,168.15421688581486,166.2038842356674,167.98590087890625,55209200,0.0,0.0
2023-05-01 00:00:00-04:00,167.5899022757501,168.74821914844807,166.95629265889536,167.8968048095703,52472900,0.0,0.0
2023-05-02 00:00:00-04:00,168.39179691797213,168.64921071415353,165.8672534099648,166.85726928710938,48425700,0.0,0.0
2023-05-03 00:00:00-04:00,167.80768799680482,169.21350870294293,165.49105451372273,165.7781524658203,65136000,0.0,0.0
2023-05-04 00:00:00-04:00,163.24372680909343,165.3722550253471,162.66951575440282,164.13473510742188,81235400,0.0,0.0
2023-05-05 00:00:00-04:00,169.27294405611536,172.5598046719848,169.0551393113796,171.83709716796875,113316400,0.0,0.0
2023-05-08 00:00:00-04:00,170.7579559365768,172.11428813282294,170.3916548495959,171.7677764892578,55962800,0.0,0.0
2023-05-09 00:00:00-04:00,171.3222729910744,171.80737116626167,169.88675280256177,170.0550537109375,45326900,0.0,0.0
2023-05-10 00:00:00-04:00,171.2925465255573,172.2924570953219,170.18371850163723,171.8271484375,53724500,0.0,0.0
2023-05-11 00:00:00-04:00,172.11429695457542,172.8468991660868,170.45106212923693,172.01528930664062,49514700,0.0,0.0
2023-05-12 00:00:00-04:00,172.12430116865193,172.5605130962495,169.52687667093326,171.08335876464844,45497800,0.24,0.0
2023-05-15 00:00:00-04:00,171.6682680003546,171.71784028672823,169.99282456135643,170.58766174316406,37266700,0.0,0.0
2023-05-16 00:00:00-04:00,170.50834911043384,171.6484360603376,170.31998349861684,170.58766174316406,42110300,0.0,0.0
2023-05-17 00:00:00-04:00,170.23077817517168,171.4402543357864,168.9518826544196,171.20233154296875,57951600,0.0,0.0
2023-05-18 00:00:00-04:00,171.50963430597616,173.73034253127065,171.09325435010916,173.54197692871094,65496700,0.0,0.0
2023-05-19 00:00:00-04:00,174.8704617599002,174.8704617599002,173.43295602393476,173.65106201171875,55772400,0.0,0.0
2023-05-22 00:00:00-04:00,172.481219573557,173.20494177332736,171.95578654636702,172.69932556152344,43570900,0.0,0.0
2023-05-23 00:00:00-04:00,171.6385439691014,171.88639029719062,169.80447509030535,170.08206176757812,50747300,0.0,0.0
2023-05-24 00:00:00-04:00,169.61612586083143,170.9346702690374,169.05104404436648,170.3596649169922,45143500,0.0,0.0
2023-05-25 00:00:00-04:00,170.92475054539574,172.4019050243478,170.21095188854838,171.499755859375,56058300,0.0,0.0
2023-05-26 00:00:00-04:00,171.826923039006,174.25581421879875,171.61872545109665,173.91873168945312,54835000,0.0,0.0
2023-05-30 00:00:00-04:00,175.4355461600694,177.44805707235744,175.04890650518007,175.77261352539062,55964400,0.0,0.0
2023-05-31 00:00:00-04:00,175.80236562165695,177.80496826079084,175.23726871202743,175.72305297851562,99625300,0.0,0.0
2023-06-01 00:00:00-04:00,176.1691790241155,178.5683298287558,175.405808045758,178.53858947753906,68901800,0.0,0.0
2023-06-02 00:00:00-04:00,179.47047169338217,180.21401063542314,177.7157155545107,179.3911590576172,61945900,0.0,0.0
2023-06-05 00:00:00-04:00,181.05668691999816,183.35669275593358,176.50621727974132,178.032958984375,121946500,0.0,0.0
2023-06-06 00:00:00-04:00,178.41960027979346,178.56830201271356,175.90147333520082,177.66615295410156,64848400,0.0,0.0
2023-06-07 00:00:00-04:00,176.90281634965245,179.6489581922576,175.79246952260962,176.2881622314453,61944600,0.0,0.0
2023-06-08 00:00:00-04:00,176.36743802214428,179.28211321134853,175.93124119908015,179.0144500732422,50214900,0.0,0.0
2023-06-09 00:00:00-04:00,179.93643394119178,180.6601409825454,179.0739335613958,179.40109252929688,48870700,0.0,0.0
2023-06-12 00:00:00-04:00,179.70841552076647,182.30584013644759,179.4109969086846,182.20669555664062,54274900,0.0,0.0
2023-06-13 00:00:00-04:00,181.22526434191118,182.56362563080822,180.868364972737,181.73086547851562,54929100,0.0,0.0
2023-06-14 00:00:00-04:00,181.79032062893717,182.8015378873281,180.45195952819037,182.36532592773438,57462900,0.0,0.0
2023-06-15 00:00:00-04:00,182.37524971506843,184.91319370821412,182.19679249165128,184.40757751464844,65433200,0.0,0.0
2023-06-16 00:00:00-04:00,185.12135487176403,185.37912470625074,182.68255574170084,183.3269500732422,101235600,0.0,0.0
2023-06-20 00:00:00-04:00,182.82137659501507,184.4968202621219,182.82137659501507,183.41619873046875,49799100,0.0,0.0
2023-06-21 00:00:00-04:00,183.30713360389032,183.81274978200145,181.01703601018858,182.375244140625,49515700,0.0,0.0
2023-06-22 00:00:00-04:00,182.15714267343606,185.43862563579464,182.0877384404729,185.38905334472656,51245300,0.0,0.0
2023-06-23 00:00:00-04:00,183.95155271461957,185.94423180057566,183.41619616013958,185.07180786132812,53079300,0.0,0.0
2023-06-26 00:00:00-04:00,185.2205087707664,186.42999999051133,183.63428631385352,183.6739501953125,48088700,0.0,0.0
2023-06-27 00:00:00-04:00,184.28862175731683,186.767085127622,184.07051577054278,186.43992614746094,50730800,0.0,0.0
2023-06-28 00:00:00-04:00,186.31105393141783,188.2640844107442,185.9839100562617,187.61968994140625,51216800,0.0,0.0
2023-06-29 00:00:00-04:00,187.45114025988062,188.43261718372244,187.31234691859044,187.9567413330078,46347300,0.0,0.0
2023-06-30 00:00:00-04:00,189.9791732182635,192.8046122965116,189.61235036422667,192.29901123046875,85069600,0.0,0.0
2023-07-03 00:00:00-04:00,192.11063791232868,192.20978249103928,190.10803541561756,190.80201721191406,31458200,0.0,0.0
2023-07-05 00:00:00-04:00,189.91970062749374,191.31754248795588,188.97787243386384,189.6817626953125,46920300,0.0,0.0
2023-07-06 00:00:00-04:00,188.204592923582,190.365820872437,187.57010689891024,190.15762329101562,45094300,0.0,0.0
2023-07-07 00:00:00-04:00,189.76106040417397,191.01020041329645,188.60114143984475,189.03733825683594,46778000,0.0,0.0
2023-07-10 00:00:00-04:00,187.62959342704087,188.35331565327752,185.42871665150543,186.98519897460938,59922200,0.0,0.0
2023-07-11 00:00:00-04:00,187.53042989742065,187.66922322168514,184.9924861809626,186.45973205566406,46638100,0.0,0.0
2023-07-12 00:00:00-04:00,188.0459566971953,190.04855924155865,186.84638895388292,188.13519287109375,60750200,0.0,0.0
2023-07-13 00:00:00-04:00,188.85889555641208,189.54295381895912,188.1450969456968,188.89854431152344,41342300,0.0,0.0
2023-07-14 00:00:00-04:00,188.59122781892412,189.53304086059518,187.99640569502964,189.04727172851562,41573900,0.0,0.0
2023-07-17 00:00:00-04:00,190.24684079775338,192.64600663390738,190.15761974766676,192.31884765625,50520200,0.0,0.0
2023-07-18 00:00:00-04:00,191.6843647836334,192.65591819761897,190.76236853561463,192.0610809326172,48353800,0.0,0.0
2023-07-19 00:00:00-04:00,191.4365103758755,196.52230675519328,190.99037488225764,193.41928100585938,80507300,0.0,0.0
2023-07-20 00:00:00-04:00,193.4093388588882,194.77745530266796,190.84165477071602,191.4662322998047,59581200,0.0,0.0
2023-07-21 00:00:00-04:00,192.42791035637276,193.29041080540085,189.5826239989074,190.28651428222656,71917800,0.0,0.0
2023-07-24 00:00:00-04:00,191.7438412670713,193.230919269526,190.5938306479448,191.0895233154297,45377800,0.0,0.0
2023-07-25 00:00:00-04:00,191.66453127210508,192.7649696142135,191.25805964859208,191.9520263671875,37283200,0.0,0.0
2023-07-26 00:00:00-04:00,192.0015959886147,193.95462630849192,191.6546201978147,192.82444763183594,47471900,0.0,0.0
2023-07-27 00:00:00-04:00,194.33136299756583,195.50119046422063,190.89125457942112,191.55548095703125,47460200,0.0,0.0
2023-07-28 00:00:00-04:00,192.99299467254062,194.93611671931453,192.46756161890426,194.14300537109375,48291400,0.0,0.0
2023-07-31 00:00:00-04:00,194.37098975201062,194.79729327585247,193.5778785263088,194.75762939453125,38824100,0.0,0.0
2023-08-01 00:00:00-04:00,194.5494738750641,195.03524303340677,193.5977372471017,193.92489624023438,35175100,0.0,0.0
2023-08-02 00:00:00-04:00,193.3597894476311,193.4985827896997,190.1972829299724,190.92098999023438,50389300,0.0,0.0
2023-08-03 00:00:00-04:00,189.91969553388512,190.71279169853844,189.04727159995883,189.52313232421875,61235200,0.0,0.0
2023-08-04 00:00:00-04:00,183.92183059501792,185.76580811380504,180.3528369691908,180.4222412109375,115799700,0.0,0.0
2023-08-07 00:00:00-04:00,180.56102321579414,181.5524085909385,175.82220233279125,177.3092803955078,97576100,0.0,0.0
2023-08-08 00:00:00-04:00,178.14206088275216,178.71706628147237,176.05023689652646,178.25111389160156,67823000,0.0,0.0
2023-08-09 00:00:00-04:00,179.31185840559957,179.3713391045639,175.48511045638642,176.6549530029297,60378500,0.0,0.0
2023-08-10 00:00:00-04:00,177.93383023619305,179.1928938087059,176.07003615011226,176.4368438720703,54686900,0.0,0.0
2023-08-11 00:00:00-04:00,176.02984778529373,177.32037701982404,175.26544597344693,176.4964141845703,51988100,0.24,0.0
2023-08-14 00:00:00-04:00,176.67511718788185,178.38260392804418,176.01991561712387,178.15428161621094,43675600,0.0,0.0
2023-08-15 00:00:00-04:00,177.5785085022154,178.1741339293912,175.76182141117968,176.15890502929688,43622600,0.0,0.0
2023-08-16 00:00:00-04:00,175.84123193317788,177.24096145960885,175.2158108770956,175.28530883789062,46964900,0.0,0.0
2023-08-17 00:00:00-04:00,175.85114660071363,176.218449670705,172.21777275650916,172.73399353027344,66062900,0.0,0.0
2023-08-18 00:00:00-04:00,171.04637539663875,173.8260060676773,170.70885281849434,173.22044372558594,61114200,0.0,0.0
2023-08-21 00:00:00-04:00,173.79620604217206,174.84849110751958,172.47588124297116,174.5605926513672,46311900,0.0,0.0
2023-08-22 00:00:00-04:00,175.77171419662545,176.38719824747957,174.96761015656983,175.9404754638672,42084200,0.0,0.0
2023-08-23 00:00:00-04:00,177.22112651388355,180.2290795956185,177.0325064942749,179.8022003173828,52722800,0.0,0.0
2023-08-24 00:00:00-04:00,179.355459364837,179.78233860000068,174.72936147404116,175.0966796875,54945800,0.0,0.0
2023-08-25 00:00:00-04:00,176.08939374478845,177.84650437604776,174.54074667761984,177.31044006347656,51449600,0.0,0.0
2023-08-28 00:00:00-04:00,178.77967356057698,179.27603559399373,177.25088516267095,178.8789520263672,43820700,0.0,0.0
2023-08-29 00:00:00-04:00,178.39251118833664,183.55467328918405,178.19396940518234,182.7803497314453,53003900,0.0,0.0
2023-08-30 00:00:00-04:00,183.59439418869403,186.48322490340712,183.39585240180426,186.28466796875,60813900,0.0,0.0
2023-08-31 00:00:00-04:00,186.47327124983738,187.7439567493299,186.1158900063697,186.5030517578125,60794500,0.0,0.0
2023-09-01 00:00:00-04:00,188.11127770079705,188.538141753245,186.91007498628073,188.0814971923828,45732600,0.0,0.0
2023-09-05 00:00:00-04:00,186.91009674606673,188.59772472633045,186.24497340110617,188.31976318359375,45280000,0.0,0.0
2023-09-06 00:00:00-04:00,187.02920802693,187.47594597496703,180.14963751857883,181.57916259765625,81755800,0.0,0.0
2023-09-07 00:00:00-04:00,173.90537850075847,176.91334607803304,172.27731178924952,176.26806640625,112488800,0.0,0.0
2023-09-08 00:00:00-04:00,177.05233659559462,178.92858440411607,176.4963984153427,176.88356018066406,65551300,0.0,0.0
2023-09-11 00:00:00-04:00,178.75983344187836,178.98815574028976,176.04968578063105,178.05499267578125,58953100,0.0,0.0
2023-09-12 00:00:00-04:00,178.18406545251986,178.81940831086655,173.54804542949864,175.01727294921875,90370200,0.0,0.0
2023-09-13 00:00:00-04:00,175.22572770658326,176.00998823848755,172.7141369128852,172.94247436523438,84267900,0.0,0.0
2023-09-14 00:00:00-04:00,172.7339737787434,174.8187002110415,172.31703152183695,174.46131896972656,60895800,0.0,0.0
2023-09-15 00:00:00-04:00,175.1959388893145,175.2157976120051,172.55530438661506,173.73663330078125,109205100,0.0,0.0
2023-09-18 00:00:00-04:00,175.1959303652364,178.0748391046168,174.88818834345716,176.6750946044922,67257600,0.0,0.0
2023-09-19 00:00:00-04:00,176.22837977645918,178.32302815377042,175.84121799808253,177.76710510253906,51826900,0.0,0.0
2023-09-20 00:00:00-04:00,177.95570880879336,178.3925098170354,174.1237933470795,174.21315002441406,58436200,0.0,0.0
2023-09-21 00:00:00-04:00,173.27998896827123,175.01725608596104,172.59500693822505,172.66448974609375,63047900,0.0,0.0
2023-09-22 00:00:00-04:00,173.39909696300535,175.7915654067452,172.7836129384518,173.51821899414062,56725400,0.0,0.0
2023-09-25 00:00:00-04:00,172.93254761202513,175.68239780791916,172.88290837390605,174.7988739013672,46172700,0.0,0.0
2023-09-26 00:00:00-04:00,173.54803864674588,173.92526351342306,170.4110267791137,170.70884704589844,64588900,0.0,0.0
2023-09-27 00:00:00-04:00,171.36400935593267,171.78095161168793,167.81999260813018,169.18994140625,66921800,0.0,0.0
2023-09-28 00:00:00-04:00,168.1078907839796,170.77832096236608,166.40040416763804,169.4480743408203,56294400,0.0,0.0
2023-09-29 00:00:00-04:00,170.7683831744606,171.81074638236362,169.10059901226265,169.9642791748047,51814200,0.0,0.0
2023-10-02 00:00:00-04:00,169.97421860938772,173.03181060107437,169.6863201427267,172.48580932617188,52164500,0.0,0.0
2023-10-03 00:00:00-04:00,171.0066491138284,172.366691440067,169.57713912474932,171.1456298828125,49594600,0.0,0.0
2023-10-04 00:00:00-04:00,169.84514590084152,172.9424550881848,169.72602386786275,172.39645385742188,53020300,0.0,0.0
2023-10-05 00:00:00-04:00,172.52551359241795,174.17343922355133,171.42358924241523,173.6373748779297,48527900,0.0,0.0
2023-10-06 00:00:00-04:00,172.53543905358532,176.69495515352654,171.91993985589522,176.19859313964844,57224100,0.0,0.0
2023-10-09 00:00:00-04:00,175.52353680032698,177.74724412480685,174.52089096334598,177.68768310546875,42390800,0.0,0.0
2023-10-10 00:00:00-04:00,176.80415770883764,178.41236580749592,176.6552400140717,177.092041015625,43698000,0.0,0.0
2023-10-11 00:00:00-04:00,176.90342620076967,178.54143000452555,176.30780084757703,178.49179077148438,47551100,0.0,0.0
2023-10-12 00:00:00-04:00,178.75982932462722,181.01330204161414,177.73730960362397,179.39517211914062,56743100,0.0,0.0
2023-10-13 00:00:00-04:00,180.09999903884182,180.60628286156256,176.84386529966793,177.5487060546875,51427100,0.0,0.0
2023-10-16 00:00:00-04:00,175.46396449411634,177.77701319881453,175.22570528432323,177.4196319580078,52517000,0.0,0.0
2023-10-17 00:00:00-04:00,175.3646914585386,177.12181720914745,173.52816111664285,175.86105346679688,57549400,0.0,0.0
2023-10-18 00:00:00-04:00,174.30248985254676,176.28793794498117,173.83590833900334,174.5605926513672,54764400,0.0,0.0
2023-10-19 00:00:00-04:00,174.75913147519677,176.5460377577175,173.9153251388443,174.18336486816406,59302900,0.0,0.0
2023-10-20 00:00:00-04:00,174.03444341613093,174.14364366291989,171.3838721325441,171.62213134765625,64189300,0.0,0.0
2023-10-23 00:00:00-04:00,169.66648220683237,172.7439178760632,168.69360166729962,171.74127197265625,55980100,0.0,0.0
2023-10-24 00:00:00-04:00,171.7909082758531,172.4063923696406,170.20254365913797,172.17807006835938,43816600,0.0,0.0
2023-10-25 00:00:00-04:00,170.62942613878033,171.80083332633419,169.4083645680371,169.8551025390625,57157000,0.0,0.0
2023-10-26 00:00:00-04:00,169.1303957533013,170.13305676328346,164.4645956319317,165.67572021484375,70625300,0.0,0.0
2023-10-27 00:00:00-04:00,165.6955969766749,167.7306845808466,165.6161772243234,166.99606323242188,58499100,0.0,0.0
2023-10-30 00:00:00-04:00,167.79021577395145,169.92456632823416,167.6412980843576,169.05096435546875,51131000,0.0,0.0
2023-10-31 00:00:00-04:00,168.11782995408234,169.6565401685357,166.67836791176023,169.52749633789062,44846000,0.0,0.0
2023-11-01 00:00:00-04:00,169.75581666227828,172.9623111800798,168.88221462983017,172.70420837402344,56934900,0.0,0.0
2023-11-02 00:00:00-04:00,174.2429429068373,176.4864939793014,174.18338188289627,176.2780303955078,77334800,0.0,0.0
2023-11-03 00:00:00-04:00,172.9722618796391,175.53349201222565,172.0887379893404,175.36471557617188,79763700,0.0,0.0
2023-11-06 00:00:00-05:00,175.09667927913767,178.1244756256995,174.92791800211177,177.92593383789062,63841300,0.0,0.0
2023-11-07 00:00:00-05:00,177.87630973489087,181.1126002277605,177.66784614167742,180.4971160888672,70530000,0.0,0.0
2023-11-08 00:00:00-05:00,181.023246561535,182.11523398810698,180.26876654734838,181.55931091308594,49340300,0.0,0.0
2023-11-09 00:00:00-05:00,181.62881074103257,182.78035920210118,180.4871689201494,181.0828094482422,53763500,0.0,0.0
2023-11-10 00:00:00-05:00,182.87206148972973,185.4565506612299,182.43468499907056,185.2875518798828,66133400,0.24,0.0
2023-11-13 00:00:00-05:00,184.71101456121173,184.9197527658604,183.1106225987718,183.6970977783203,43627500,0.0,0.0
2023-11-14 00:00:00-05:00,186.579792942837,186.987349680322,185.18815428767326,186.32135009765625,60108400,0.0,0.0
2023-11-15 00:00:00-05:00,186.72890587030213,188.36905250310778,186.65931635404164,186.887939453125,53790500,0.0,0.0
2023-11-16 00:00:00-05:00,188.43865594913416,189.82035984023278,187.52413314974999,188.57781982421875,54412900,0.0,0.0
2023-11-17 00:00:00-05:00,189.11457782649978,189.24380683321974,187.44461143684416,188.55792236328125,50922700,0.0,0.0
2023-11-20 00:00:00-05:00,188.75673136709773,190.7646802061248,188.74679650771577,190.3074188232422,46505100,0.0,0.0
2023-11-21 00:00:00-05:00,190.26766718139268,190.37701130719432,188.60763557529475,189.50225830078125,38134500,0.0,0.0
2023-11-22 00:00:00-05:00,190.3471923134316,191.77858564632436,189.69112755602794,190.1682586669922,39617700,0.0,0.0
2023-11-24 00:00:00-05:00,189.73086532541635,189.76068506922263,188.1205384889839,188.83624267578125,24048300,0.0,0.0
2023-11-27 00:00:00-05:00,188.78654712309,189.53207108953595,187.77263028176083,188.65731811523438,40552600,0.0,0.0
2023-11-28 00:00:00-05:00,188.64737693705334,189.9396214691522,188.26963995303524,189.263671875,38415400,0.0,0.0
2023-11-29 00:00:00-05:00,189.76069003248776,190.9435904601538,187.84221568139642,188.2398223876953,43014200,0.0,0.0
2023-11-30 00:00:00-05:00,188.70701635554832,189.1841625986753,187.06686975200412,188.8163604736328,48794400,0.0,0.0
2023-12-01 00:00:00-05:00,189.19410585978827,190.41676093068807,188.1006646303825,190.0986785888672,45679300,0.0,0.0
2023-12-04 00:00:00-05:00,188.84618961175903,188.91577913023963,186.33128993843854,188.29946899414062,43389500,0.0,0.0
2023-12-05 00:00:00-05:00,189.07482149235318,193.23980256929687,189.0449865799245,192.26565551757812,66628400,0.0,0.0
2023-12-06 00:00:00-05:00,193.28950362567244,193.5976510937421,190.9634725753497,191.17222595214844,41089700,0.0,0.0
2023-12-07 00:00:00-05:00,192.4744158469115,193.83623479668313,192.43464607405332,193.110595703125,47477700,0.0,0.0
2023-12-08 00:00:00-05:00,193.04099429291227,194.8203199094653,192.5141585929263,194.5419921875,53377300,0.0,0.0
2023-12-11 00:00:00-05:00,191.9575100014726,192.33524699521988,190.27759358324766,192.02708435058594,60943700,0.0,0.0
2023-12-12 00:00:00-05:00,191.92769665062553,193.5579084922386,190.5758125501861,193.5479736328125,52696900,0.0,0.0
2023-12-13 00:00:00-05:00,193.925682544677,196.8183190559037,193.68712459255818,196.778564453125,70404200,0.0,0.0
2023-12-14 00:00:00-05:00,196.83819885132337,198.42864077264184,194.98929893159502,196.9276580810547,66831600,0.0,0.0
2023-12-15 00:00:00-05:00,196.3511298862745,197.2159328291742,195.82429416614897,196.39089965820312,128256700,0.0,0.0
2023-12-18 00:00:00-05:00,194.91972010314345,195.45650584640038,193.22986883323685,194.72091674804688,55751900,0.0,0.0
2023-12-19 00:00:00-05:00,194.98930475456203,195.77458329630363,194.72091188963017,195.7646484375,40714100,0.0,0.0
2023-12-20 00:00:00-05:00,195.72487446786357,196.50021813416774,193.667236328125,193.667236328125,52242800,0.0,0.0
2023-12-21 00:00:00-05:00,194.92966611931476,195.90381315665195,192.34517705306277,193.51812744140625,46482500,0.0,0.0
2023-12-22 00:00:00-05:00,194.01515250091973,194.24379077463595,191.8183503425399,192.44459533691406,37122800,0.0,0.0
2023-12-26 00:00:00-05:00,192.45452839560733,192.73285613100865,191.67918468017166,191.8978729248047,28919300,0.0,0.0
2023-12-27 00:00:00-05:00,191.34121910492223,192.34518593287333,189.94956524818429,191.9972686767578,48087700,0.0,0.0
2023-12-28 00:00:00-05:00,192.98136861854135,193.4982694967864,192.01715638138543,192.42471313476562,34049900,0.0,0.0
2023-12-29 00:00:00-05:00,192.7427850763616,193.23980104114617,190.58573760932344,191.38096618652344,42628800,0.0,0.0
2024-01-02 00:00:00-05:00,186.03305662356883,187.3153662175252,182.79251821875232,184.53207397460938,82488700,0.0,0.0
2024-01-03 00:00:00-05:00,183.1205556229884,184.77065219734183,182.3352619375341,183.15037536621094,58414500,0.0,0.0
2024-01-04 00:00:00-05:00,181.06291404030495,181.99730650228184,179.80050438167336,180.82435607910156,71983600,0.0,0.0
2024-01-05 00:00:00-05:00,180.90387243418792,181.6692660827433,179.09472708075188,180.09869384765625,62303300,0.0,0.0
2024-01-08 00:00:00-05:00,181.0032684531674,184.49233019548157,180.41679326133186,184.4525604248047,59144500,0.0,0.0
2024-01-09 00:00:00-05:00,182.82234457021028,184.04499955584959,181.63944418662982,184.03506469726562,42841800,0.0,0.0
2024-01-10 00:00:00-05:00,183.24979649333252,185.2875498615879,182.82235486658107,185.0788116455078,46792900,0.0,0.0
2024-01-11 00:00:00-05:00,185.42670336710847,185.93366934185158,182.524132048394,184.4823760986328,49128400,0.0,0.0
2024-01-12 00:00:00-05:00,184.9495734055796,185.6255229866903,184.08477050382692,184.81040954589844,40444700,0.0,0.0
2024-01-16 00:00:00-05:00,181.07285998444632,183.16031793652851,179.85018978995151,182.53408813476562,65603000,0.0,0.0
2024-01-17 00:00:00-05:00,180.18816351220838,181.83824490899738,179.22395137316974,181.58973693847656,47317400,0.0,0.0
2024-01-18 00:00:00-05:00,184.97940747954695,188.01120805146246,184.72096462518135,187.50425720214844,78005800,0.0,0.0
2024-01-19 00:00:00-05:00,188.20007624137466,190.8044351704297,187.693125392904,190.41676330566406,68741000,0.0,0.0
2024-01-22 00:00:00-05:00,191.15234200232317,194.16425751836653,191.11257223144145,192.73284912109375,60133900,0.0,0.0
2024-01-23 00:00:00-05:00,193.8561031440579,194.58174217570732,192.6732027698961,194.01513671875,42355600,0.0,0.0
2024-01-24 00:00:00-05:00,194.25372573180164,195.20800309667513,193.1801693842155,193.33921813964844,53631300,0.0,0.0
2024-01-25 00:00:00-05:00,194.0549212884663,195.0986578845498,191.95751323703675,193.0111846923828,54822100,0.0,0.0
2024-01-26 00:00:00-05:00,193.11058683739938,193.59765277461963,190.79449062577763,191.27162170410156,44594000,0.0,0.0
2024-01-29 00:00:00-05:00,190.8640821459055,191.05295065599338,188.44859162482356,190.58575439453125,47145600,0.0,0.0
2024-01-30 00:00:00-05:00,189.80045678886228,190.65532484477694,186.35116482109103,186.91775512695312,55859400,0.0,0.0
2024-01-31 00:00:00-05:00,185.92371249893742,185.98336715144941,183.24977953529768,183.29946899414062,55467800,0.0,0.0
2024-02-01 00:00:00-05:00,182.8919451500293,185.83427124755644,182.72296153753896,185.74481201171875,64885400,0.0,0.0
2024-02-02 00:00:00-05:00,178.78657309445222,186.21199239128737,178.1802130458578,184.74082946777344,102518000,0.0,0.0
2024-02-05 00:00:00-05:00,187.02711752504118,188.12055880845503,184.73090599759692,186.55992126464844,69668800,0.0,0.0
2024-02-06 00:00:00-05:00,185.74480203892318,188.180177168222,185.65534280788862,188.1702423095703,43490800,0.0,0.0
2024-02-07 00:00:00-05:00,189.5022417883465,189.9097985097057,187.48435823433906,188.2795867919922,53439000,0.0,0.0
2024-02-08 00:00:00-05:00,188.25971226684047,188.40881099372643,186.23189374257132,187.19610595703125,40962000,0.0,0.0
2024-02-09 00:00:00-05:00,187.76340641648085,189.0971204380579,187.11646725876852,187.9624786376953,45155200,0.24,0.0
2024-02-12 00:00:00-05:00,187.53449778464588,187.78332288230948,185.91215328801408,186.2704620361328,41781900,0.0,0.0
2024-02-13 00:00:00-05:00,184.89694454758455,185.33487911795885,182.64755610649428,184.1703643798828,56529500,0.0,0.0
2024-02-14 00:00:00-05:00,184.44906062504626,184.65806518525375,181.58259087415234,183.2845458984375,54630500,0.0,0.0
2024-02-15 00:00:00-05:00,182.68738521978767,183.62296999377594,180.4977274519665,182.9959259033203,65434500,0.0,0.0
2024-02-16 00:00:00-05:00,182.5579699194549,183.981257173353,180.81619448303394,181.45318603515625,49701400,0.0,0.0
2024-02-20 00:00:00-05:00,180.93564089848354,181.5726325042779,179.15405998428736,180.70672607421875,53665600,0.0,0.0
2024-02-21 00:00:00-05:00,181.08496152111414,182.03049388623003,179.81097819372195,181.4631805419922,41529700,0.0,0.0
2024-02-22 00:00:00-05:00,182.61769287128237,184.09074823448796,181.60249751065342,183.50350952148438,52292200,0.0,0.0
2024-02-23 00:00:00-05:00,184.14051969682032,184.1703774935557,181.37358582743232,181.6622314453125,45119700,0.0,0.0
2024-02-26 00:00:00-05:00,181.38355052297356,181.90109579673225,179.80101134340092,180.30862426757812,40867400,0.0,0.0
2024-02-27 00:00:00-05:00,180.24888975946536,183.05562869813585,178.71611879819,181.77169799804688,54318900,0.0,0.0
2024-02-28 00:00:00-05:00,181.6522565198894,182.25939032452453,179.28345207788615,180.5673828125,48953900,0.0,0.0
2024-02-29 00:00:00-05:00,180.41808835882694,181.71198177710176,178.6862603817135,179.90052795410156,136682600,0.0,0.0
2024-03-01 00:00:00-05:00,178.70617492699984,179.68156498512658,176.54637506189474,178.81565856933594,73488000,0.0,0.0
2024-03-04 00:00:00-05:00,175.32213749041347,176.0686126971914,172.97322823226915,174.27708435058594,81510100,0.0,0.0
2024-03-05 00:00:00-05:00,169.9574719243141,171.23145507958293,168.82283020205665,169.3204803466797,95132400,0.0,0.0
2024-03-06 00:00:00-05:00,170.25608047856306,170.43524244414468,167.88726071561,168.3251953125,68587700,0.0,0.0
2024-03-07 00:00:00-05:00,168.35505375316498,169.92763018116116,167.6981670423948,168.2057647705078,71765100,0.0,0.0
2024-03-08 00:00:00-05:00,168.20576217934803,172.8836708711805,168.14604658720506,169.92762756347656,76114600,0.0,0.0
2024-03-11 00:00:00-04:00,172.12725037151972,173.56048535052068,171.2414336396481,171.93814086914062,60139500,0.0,0.0
2024-03-12 00:00:00-04:00,172.3362371923594,173.2121062975323,170.20629520329734,172.41586303710938,59825400,0.0,0.0
2024-03-13 00:00:00-04:00,171.9580519129805,172.37607625258147,169.95748841772314,170.3257598876953,52488700,0.0,0.0
2024-03-14 00:00:00-04:00,172.0973925529764,173.49080701178275,171.2414336176872,172.1869659423828,72913500,0.0,0.0
2024-03-15 00:00:00-04:00,170.3655638276482,171.80874633789062,169.48969463541124,171.80874633789062,121664700,0.0,0.0
2024-03-18 00:00:00-04:00,174.74487603101005,176.87481800543844,172.70450743615612,172.903564453125,75604200,0.0,0.0
2024-03-19 00:00:00-04:00,173.52067421691896,175.78001045706262,172.21683307682196,175.25250244140625,55215200,0.0,0.0
2024-03-20 00:00:00-04:00,174.89417408943874,177.83030700683594,174.2671300256647,177.83030700683594,53423100,0.0,0.0
2024-03-21 00:00:00-04:00,176.21791925324277,176.65585381045534,170.037097774542,170.56460571289062,106181300,0.0,0.0
2024-03-22 00:00:00-04:00,170.95277649830084,172.23672240837217,169.26076900158964,171.4703369140625,71106600,0.0,0.0
2024-03-25 00:00:00-04:00,169.76839047714014,171.13194711675717,168.65364374159117,170.0470733642578,54288300,0.0,0.0
2024-03-26 00:00:00-04:00,169.20106023000122,170.61438491064948,168.78303590364706,168.9124298095703,57388400,0.0,0.0
2024-03-27 00:00:00-04:00,169.609133760084,172.78414425918754,169.31054062211945,172.49549865722656,60273300,0.0,0.0
2024-03-28 00:00:00-04:00,170.94282285202152,171.42056273337485,169.70864503919194,170.67408752441406,65672700,0.0,0.0
2024-04-01 00:00:00-04:00,170.38547862745995,170.4451942217802,168.68350825393796,169.23092651367188,46240500,0.0,0.0
2024-04-02 00:00:00-04:00,168.28537106183597,168.54414366405445,167.43935975957754,168.04649353027344,49329500,0.0,0.0
2024-04-03 00:00:00-04:00,167.9967479570679,169.87786510696628,167.78774337767854,168.8527069091797,47691700,0.0,0.0
2024-04-04 00:00:00-04:00,169.4897042530356,171.1120488206033,168.02662658691406,168.02662658691406,53704400,0.0,0.0
2024-04-05 00:00:00-04:00,168.79298281447828,169.5892261323792,168.15599119757314,168.7830352783203,42055200,0.0,0.0
2024-04-08 00:00:00-04:00,168.23561647794648,168.40481571452685,167.4493358859462,167.65834045410156,37425500,0.0,0.0
2024-04-09 00:00:00-04:00,167.90716183961618,169.2806811483862,167.55881583801002,168.8726043701172,42451200,0.0,0.0
2024-04-10 00:00:00-04:00,168.0066808175879,168.2953112001811,166.32462100940634,166.99147033691406,49709300,0.0,0.0
2024-04-11 00:00:00-04:00,167.5488670137579,174.63541624491384,167.36972023014152,174.21737670898438,91070300,0.0,0.0
2024-04-12 00:00:00-04:00,173.44102962389059,177.52176704196785,173.39127675717174,175.72027587890625,101593300,0.0,0.0
2024-04-15 00:00:00-04:00,174.53585255667426,175.7998881273465,171.68929323241036,171.87840270996094,73531800,0.0,0.0
2024-04-16 00:00:00-04:00,170.94284143183614,172.94338974194338,167.47920033817573,168.583984375,73711200,0.0,0.0
2024-04-17 00:00:00-04:00,168.81289870293196,169.84800441976404,167.21046447753906,167.21046447753906,50901200,0.0,0.0
2024-04-18 00:00:00-04:00,167.24029654336022,167.84743029154777,165.76725645436014,166.25494384765625,43122900,0.0,0.0
2024-04-19 00:00:00-04:00,165.42888374733738,165.6179780634261,163.3088890664717,164.2245635986328,67772100,0.0,0.0
2024-04-22 00:00:00-04:00,164.74210446317437,166.4739172082034,163.99562926284756,165.0605926513672,48116400,0.0,0.0
2024-04-23 00:00:00-04:00,164.5728973951299,166.26490473113174,164.14491040339777,166.1156005859375,49537800,0.0,0.0
2024-04-24 00:00:00-04:00,165.75730653407012,168.50434510258808,165.42887079721268,168.2256622314453,48251800,0.0,0.0
2024-04-25 00:00:00-04:00,168.73327450279362,169.80820075027214,167.3597550998357,169.09158325195312,50558300,0.0,0.0
2024-04-26 00:00:00-04:00,169.081624768213,170.53475474394267,168.38490238817732,168.5043487548828,44838400,0.0,0.0
2024-04-29 00:00:00-04:00,172.55520693212748,175.20270935632288,172.28648678772151,172.68460083007812,68169400,0.0,0.0
2024-04-30 00:00:00-04:00,172.51539602156524,174.16759809934044,169.2010443307548,169.5294952392578,65934800,0.0,0.0
2024-05-01 00:00:00-04:00,168.78303163206596,171.89832652202932,168.31523926242042,168.5043487548828,50383100,0.0,0.0
2024-05-02 00:00:00-04:00,171.69926693100732,172.6049939419865,170.08688513916925,172.21682739257812,94214900,0.0,0.0
2024-05-03 00:00:00-04:00,185.7727942523785,186.12115543095717,181.80155578938326,182.51817321777344,163224100,0.0,0.0
2024-05-06 00:00:00-04:00,181.49300962933657,183.33430600969174,179.57207221815372,180.85601806640625,78569700,0.0,0.0
2024-05-07 00:00:00-04:00,182.58785409480518,184.0310366275269,180.46787458450643,181.54278564453125,77305800,0.0,0.0
2024-05-08 00:00:00-04:00,181.9906634485607,182.20963072654146,180.5972339353124,181.8811798095703,45057100,0.0,0.0
2024-05-09 00:00:00-04:00,181.70202754035518,183.79216432803474,181.25414542501753,183.7025909423828,48983000,0.0,0.0
2024-05-10 00:00:00-04:00,184.28062242398164,184.46998840191682,181.51991222172592,182.43682861328125,50759500,0.25,0.0
2024-05-13 00:00:00-04:00,184.81883849593646,186.47328168344126,184.00157793065927,185.65602111816406,72044800,0.0,0.0
2024-05-14 00:00:00-04:00,186.8819036535792,187.66926595480425,185.6659889969534,186.8021697998047,52393600,0.0,0.0
2024-05-15 00:00:00-04:00,187.28056849688068,190.0113806876588,186.74236879853999,189.08450317382812,70400000,0.0,0.0
2024-05-16 00:00:00-04:00,189.83199615864385,190.45989075478766,189.02471179656044,189.2041015625,52845200,0.0,0.0
2024-05-17 00:00:00-04:00,188.87521403256983,190.17086260921994,188.5463175718117,189.2340087890625,41282900,0.0,0.0
2024-05-20 00:00:00-04:00,188.69582178398366,191.27714266640717,188.37688635675946,190.40008544921875,44361300,0.0,0.0
2024-05-21 00:00:00-04:00,190.44991454290118,192.08442053272114,190.28048580582154,191.70570373535156,42309400,0.0,0.0
2024-05-22 00:00:00-04:00,191.6259804985601,192.17414127105863,189.63267965869522,190.26055908203125,34648500,0.0,0.0
2024-05-23 00:00:00-04:00,190.34027016979292,190.36020743395642,186.0048504863481,186.25401306152344,51005900,0.0,0.0
2024-05-24 00:00:00-04:00,188.1875250894915,189.94162421863646,187.41012383078694,189.3436279296875,36294600,0.0,0.0
2024-05-28 00:00:00-04:00,190.868504773859,192.35351928350596,188.4665889665476,189.35360717773438,52280100,0.0,0.0
2024-05-29 00:00:00-04:00,188.97487295416659,191.6060292626522,188.8752018363686,189.652587890625,53068000,0.0,0.0
2024-05-30 00:00:00-04:00,190.12102272627732,191.53626445370173,189.99146851693155,190.6492462158203,49947900,0.0,0.0
2024-05-31 00:00:00-04:00,190.79874896001851,191.92496874276912,189.27387511297837,191.6060333251953,75158300,0.0,0.0
2024-06-03 00:00:00-04:00,192.25383098769495,194.33684160969634,191.8751142263389,193.3800506591797,50080500,0.0,0.0
2024-06-04 00:00:00-04:00,193.98801176077237,194.66574186569684,192.38340418619828,193.69898986816406,47471400,0.0,0.0
2024-06-05 00:00:00-04:00,194.74547082752238,196.24044634116564,194.2172473626493,195.21389770507812,54156800,0.0,0.0
2024-06-06 00:00:00-04:00,195.03450583879902,195.84179017422778,193.5195930765027,193.82855224609375,41181800,0.0,0.0
2024-06-07 00:00:00-04:00,193.99798178181695,196.28031956711487,193.48969558531903,196.23048400878906,53103900,0.0,0.0
2024-06-10 00:00:00-04:00,196.2404356269631,196.63910486677477,191.50634675889475,192.4730987548828,97262100,0.0,0.0
2024-06-11 00:00:00-04:00,193.00133588013964,206.46609195915696,192.9814138224934,206.45611572265625,172373300,0.0,0.0
2024-06-12 00:00:00-04:00,206.67538853844061,219.46241499269527,206.20696163392407,212.35630798339844,198134300,0.0,0.0
2024-06-13 00:00:00-04:00,214.02069454325613,216.02395620562416,210.89121315624297,213.52236938476562,97862700,0.0,0.0
2024-06-14 00:00:00-04:00,213.13367378271622,214.44924427717243,210.59221246372425,211.77822875976562,70122700,0.0,0.0
2024-06-17 00:00:00-04:00,212.65527993528355,218.21659070332575,212.0074632920053,215.94422912597656,93728300,0.0,0.0
2024-06-18 00:00:00-04:00,216.86113841241473,217.89766325641614,212.28651711595563,213.5721893310547,79943300,0.0,0.0
2024-06-20 00:00:00-04:00,213.21341001933183,213.5223844137921,208.15043943546107,208.97764587402344,86172500,0.0,0.0
2024-06-21 00:00:00-04:00,209.6852627905662,211.18023828891836,206.41625091745033,206.79498291015625,246421400,0.0,0.0
2024-06-24 00:00:00-04:00,207.02420349475855,211.98751777765062,205.89798377862786,207.4427947998047,80727000,0.0,0.0
2024-06-25 00:00:00-04:00,208.44940858434205,210.67194975002218,207.91122410230182,208.36968994140625,56713900,0.0,0.0
2024-06-26 00:00:00-04:00,210.79155216910215,214.1402980033581,209.9344322470105,212.5356903076172,66213200,0.0,0.0
2024-06-27 00:00:00-04:00,213.97087836680484,215.01736433595826,211.63872006367095,213.3828582763672,49772700,0.0,0.0
2024-06-28 00:00:00-04:00,215.0472324898511,215.34623061165473,209.5955543096767,209.9144744873047,82542700,0.0,0.0
2024-07-01 00:00:00-04:00,211.37956216985054,216.78140506529675,211.2101334408119,216.02395629882812,60402900,0.0,0.0
2024-07-02 00:00:00-04:00,215.42595595595571,219.64179766849512,214.3794853085834,219.53216552734375,58046200,0.0,0.0
2024-07-03 00:00:00-04:00,219.26308073535034,220.80789184570312,218.29632866276663,220.80789184570312,37369800,0.0,0.0
2024-07-05 00:00:00-04:00,220.90754038733803,225.69146503075916,220.90754038733803,225.5818328857422,60412400,0.0,0.0
2024-07-08 00:00:00-04:00,226.32931907748747,227.08678305881674,222.50218547217585,227.056884765625,59085900,0.0,0.0
2024-07-09 00:00:00-04:00,227.1664984715379,228.631575647805,225.6117264169712,227.9139862060547,48076100,0.0,0.0
2024-07-10 00:00:00-04:00,228.53191911989683,232.2992560750062,228.48208356286247,232.1995849609375,62627700,0.0,0.0
2024-07-11 00:00:00-04:00,230.61492037011672,231.61157070495582,225.01375035477759,226.80772399902344,64710600,0.0,0.0
2024-07-12 00:00:00-04:00,228.1531925563972,231.86073301422448,227.91399100155513,229.76776123046875,53046500,0.0,0.0
2024-07-15 00:00:00-04:00,235.68787221439834,236.43535998230433,232.3092281117703,233.61483764648438,62631300,0.0,0.0
2024-07-16 00:00:00-04:00,234.21283703260292,235.4785872610991,231.55178236868576,234.033447265625,43234300,0.0,0.0
2024-07-17 00:00:00-04:00,228.68140979310064,230.68468664215072,225.88082486496336,228.1133270263672,57345900,0.0,0.0
2024-07-18 00:00:00-04:00,229.50863493701104,229.66810263837593,221.52547133243425,223.42906188964844,66034600,0.0,0.0
2024-07-19 00:00:00-04:00,224.06692564873424,226.04028896611686,222.5320756847993,223.55862426757812,49151500,0.0,0.0
2024-07-22 00:00:00-04:00,226.24957960487185,227.01700459563804,222.34271224556252,223.20980834960938,48201800,0.0,0.0
2024-07-23 00:00:00-04:00,223.61843101438217,226.17982967750157,221.93408951337017,224.25628662109375,39960300,0.0,0.0
2024-07-24 00:00:00-04:00,223.24967028544495,224.04699357799979,216.40268749627205,217.80795288085938,61777600,0.0,0.0
2024-07-25 00:00:00-04:00,218.19665359620475,220.11023564894725,213.9010930254534,216.76148986816406,51391200,0.0,0.0
2024-07-26 00:00:00-04:00,217.96741565742542,218.75477790382115,215.2864239407029,217.2299041748047,41601300,0.0,0.0
2024-07-29 00:00:00-04:00,216.23326096996,218.5654190781,215.0273073866339,217.50897216796875,36311800,0.0,0.0
2024-07-30 00:00:00-04:00,218.45578591171193,219.59196666736065,215.3960621319004,218.0670928955078,41643800,0.0,0.0
2024-07-31 00:00:00-04:00,220.6982497488722,223.07028238181744,219.89096542123676,221.3361053466797,50036300,0.0,0.0
2024-08-01 00:00:00-04:00,223.61843367222977,223.72806581879624,216.29306274041448,217.62857055664062,62501000,0.0,0.0
2024-08-02 00:00:00-04:00,218.41590675319648,224.84431334230803,216.98074309833058,219.12353515625,105568600,0.0,0.0
2024-08-05 00:00:00-04:00,198.42310739676375,212.7848420736874,195.34346157584417,208.5690155029297,119548600,0.0,0.0
2024-08-06 00:00:00-04:00,204.61231506511243,209.28660752946874,200.39648844230862,206.5358428955078,69660500,0.0,0.0
2024-08-07 00:00:00-04:00,206.2069550428707,212.9243839975228,205.69866882998738,209.1171875,63516400,0.0,0.0
2024-08-08 00:00:00-04:00,212.39614722358988,213.4824924067945,208.13048513245963,212.59547424316406,47161100,0.0,0.0
2024-08-09 00:00:00-04:00,211.38955402452135,216.05387055494424,211.259984607228,215.51568603515625,42201600,0.0,0.0
2024-08-12 00:00:00-04:00,215.59550663031672,219.02793942662467,215.12653755613,217.0522918701172,38028100,0.25,0.0
2024-08-13 00:00:00-04:00,218.52902632127157,221.40270642093424,218.52902632127157,220.78407287597656,44155300,0.0,0.0
2024-08-14 00:00:00-04:00,220.08562480803565,222.54021400164925,219.21752501736546,221.23309326171875,41960600,0.0,0.0
2024-08-15 00:00:00-04:00,224.10676986474735,224.8551228159093,222.27079905335071,224.22650146484375,46414000,0.0,0.0
2024-08-16 00:00:00-04:00,223.42826155403992,226.33187474025672,223.15885022096822,225.5535888671875,44340200,0.0,0.0
2024-08-19 00:00:00-04:00,225.2243113108782,225.4937226434457,222.5501887780633,225.39393615722656,40687800,0.0,0.0
2024-08-20 00:00:00-04:00,225.27420804373648,226.6711275207631,224.95490346311303,226.0125732421875,30299000,0.0,0.0
2024-08-21 00:00:00-04:00,226.02254833732334,227.47933353511345,224.5557753561492,225.90280151367188,34765500,0.0,0.0
2024-08-22 00:00:00-04:00,227.28976176117078,227.8385569948794,223.4083048904395,224.03692626953125,43695300,0.0,0.0
2024-08-23 00:00:00-04:00,225.16444130741013,227.7188169640382,223.83736023691762,226.3418426513672,38677300,0.0,0.0
2024-08-26 00:00:00-04:00,226.2620154817008,226.7808777924977,223.39832305195915,226.68109130859375,30602200,0.0,0.0
2024-08-27 00:00:00-04:00,225.5036798955901,228.3474270817302,224.39611696496783,227.5292205810547,35934600,0.0,0.0
2024-08-28 00:00:00-04:00,227.4194670399241,229.35520907583674,225.18438078371824,225.99261474609375,38052200,0.0,0.0
2024-08-29 00:00:00-04:00,229.59470189609323,232.4085012026452,228.37737982242845,229.28536987304688,51906300,0.0,0.0
2024-08-30 00:00:00-04:00,229.6844899472923,229.89402024722435,226.98043458769098,228.49710083007812,52990800,0.0,0.0
2024-09-03 00:00:00-04:00,228.04808224732741,228.49709095305272,220.68428466242796,222.28077697753906,50190600,0.0,0.0
2024-09-04 00:00:00-04:00,221.17322424578342,221.29295584608857,217.0023958735564,220.36500549316406,43840200,0.0,0.0
2024-09-05 00:00:00-04:00,221.14327916881817,224.98481497811864,221.03352013282222,221.89163208007812,36615400,0.0,0.0
2024-09-06 00:00:00-04:00,223.4581991238727,224.74537478911404,219.28738577978086,220.3350830078125,48423000,0.0,0.0
2024-09-09 00:00:00-04:00,220.33506702469683,220.7840757397734,216.23409233980902,220.42486572265625,67180000,0.0,0.0
2024-09-10 00:00:00-04:00,218.4392435287618,220.99361925876318,216.25405039598212,219.6266326904297,51591000,0.0,0.0
2024-09-11 00:00:00-04:00,220.9736588702828,222.6000688776049,217.4114916314568,222.1710205078125,44587100,0.0,0.0
2024-09-12 00:00:00-04:00,222.01136566399225,223.059062794204,219.33725854525207,222.28077697753906,37498200,0.0,0.0
2024-09-13 00:00:00-04:00,223.08901316997165,223.5479944694599,221.42268236911949,222.01138305664062,36766600,0.0,0.0
2024-09-16 00:00:00-04:00,216.0644583037111,216.74297289953918,213.4502168549942,215.84495544433594,59357400,0.0,0.0
2024-09-17 00:00:00-04:00,215.27619443719672,216.42366284814068,214.02893954474482,216.31390380859375,45519300,0.0,0.0
2024-09-18 00:00:00-04:00,217.07224903728172,222.22092099435915,217.06226125375574,220.20535278320312,59894900,0.0,0.0
2024-09-19 00:00:00-04:00,224.49591687958383,229.31531179988679,224.1367068474718,228.3673858642578,66781300,0.0,0.0
2024-09-20 00:00:00-04:00,229.46496974860833,232.57811312113958,227.12012443578536,227.6988525390625,318679900,0.0,0.0
2024-09-23 00:00:00-04:00,226.8407407931877,228.94610768522742,225.31410200503296,225.97265625,54146000,0.0,0.0
2024-09-24 00:00:00-04:00,228.14786961487798,228.8463445678705,225.2342838755063,226.8706817626953,43556100,0.0,0.0
2024-09-25 00:00:00-04:00,224.43603888049125,226.79085685048213,223.52804884217394,225.8728790283203,42308700,0.0,0.0
2024-09-26 00:00:00-04:00,226.80083714120576,227.99819881641105,224.9149883158055,227.02035522460938,36636700,0.0,0.0
2024-09-27 00:00:00-04:00,227.9582911728241,229.01596089620384,226.80083496693393,227.2897491455078,34026000,0.0,0.0
2024-09-30 00:00:00-04:00,229.53482055042815,232.4883270263672,229.14567760776433,232.4883270263672,54541900,0.0,0.0
2024-10-01 00:00:00-04:00,229.01597026460064,229.14567442683443,223.24866456606327,225.71324157714844,63285000,0.0,0.0
2024-10-02 00:00:00-04:00,225.39393750024195,226.8706831083472,222.5302449869956,226.281982421875,32880600,0.0,0.0
2024-10-03 00:00:00-04:00,224.64557310138042,226.3119038145279,222.82957789090332,225.17440795898438,34044200,0.0,0.0
2024-10-04 00:00:00-04:00,227.39951613756347,227.49930262356304,223.63780617480538,226.30194091796875,37245100,0.0,0.0
2024-10-07 00:00:00-04:00,224.0069821228032,225.1943712346882,220.84394549402703,221.20315551757812,39505400,0.0,0.0
2024-10-08 00:00:00-04:00,223.80742742544692,225.4837307412941,222.75973024040246,225.27420043945312,31855700,0.0,0.0
2024-10-09 00:00:00-04:00,224.73538646570117,229.24546472466872,224.33627096325682,229.03591918945312,33591100,0.0,0.0
2024-10-10 00:00:00-04:00,227.27979028338342,228.99601435408132,226.67112924406288,228.53701782226562,28183500,0.0,0.0
2024-10-11 00:00:00-04:00,228.79644988971887,228.9062089337624,226.84074743911052,227.05029296875,31759200,0.0,0.0
2024-10-14 00:00:00-04:00,228.19775690140833,231.22110160659443,228.09798564307096,230.79205322265625,39882100,0.0,0.0
2024-10-15 00:00:00-04:00,233.0969778733182,236.9684620133565,231.85969551276995,233.33645629882812,64751400,0.0,0.0
2024-10-16 00:00:00-04:00,231.09139869260778,231.61024577942743,229.33525401328018,231.27099609375,34082200,0.0,0.0
2024-10-17 00:00:00-04:00,232.9173703418766,233.3364614020046,230.0137723986246,231.6401824951172,32993800,0.0,0.0
2024-10-18 00:00:00-04:00,235.66131853389138,235.66131853389138,233.4960858911256,234.48391723632812,46431500,0.0,0.0
2024-10-21 00:00:00-04:00,233.9351372634737,236.32987592195377,233.9351372634737,235.96067810058594,36254500,0.0,0.0
2024-10-22 00:00:00-04:00,233.376366009758,235.70125104779564,232.08920560922664,235.342041015625,38846600,0.0,0.0
2024-10-23 00:00:00-04:00,233.56595129753524,234.62362105235994,227.25982300232985,230.25323486328125,52287000,0.0,0.0
2024-10-24 00:00:00-04:00,229.47495899723685,230.3131259260407,227.90841463888628,230.0636749267578,31109500,0.0,0.0
2024-10-25 00:00:00-04:00,229.23547896644118,232.7078323586645,229.0658541264054,230.9018096923828,38802300,0.0,0.0
2024-10-28 00:00:00-04:00,232.80762499530724,234.21451699403664,232.03931169048735,232.88743591308594,36087100,0.0,0.0
2024-10-29 00:00:00-04:00,232.58810476348472,233.815399347975,231.8098189074392,233.15684509277344,35417200,0.0,0.0
2024-10-30 00:00:00-04:00,232.09916306464564,232.95727501758805,229.04588560251634,229.5946807861328,47070900,0.0,0.0
2024-10-31 00:00:00-04:00,228.83635490362704,229.325284321648,224.8750719925984,225.4138946533203,64370100,0.0,0.0
2024-11-01 00:00:00-04:00,220.48472918772245,224.8551151455125,219.78626950218685,222.42047119140625,65276700,0.0,0.0
2024-11-04 00:00:00-05:00,220.5046966292777,222.3007315284092,219.2275088130919,221.52244567871094,44944500,0.0,0.0
2024-11-05 00:00:00-05:00,221.31291912362707,223.45819152571042,220.65436486265338,222.95928955078125,28111300,0.0,0.0
2024-11-06 00:00:00-05:00,222.12113695305962,225.5735453041769,220.7042571772517,222.23089599609375,54561100,0.0,0.0
2024-11-07 00:00:00-05:00,224.13670611072257,227.37956894750107,224.0768403097807,226.98043823242188,42137700,0.0,0.0
2024-11-08 00:00:00-05:00,226.92049995960826,228.4088689967903,226.16134014604208,226.7107391357422,38328800,0.25,0.0
2024-11-11 00:00:00-05:00,224.7528927426808,225.45212091614073,221.25673663335022,223.98373413085938,42005600,0.0,0.0
2024-11-12 00:00:00-05:00,224.30339000560164,225.34224111445195,223.11469448970428,223.98373413085938,40398300,0.0,0.0
2024-11-13 00:00:00-05:00,223.76397540644066,226.4010754152989,222.5153482196322,224.8727569580078,48566200,0.0,0.0
2024-11-14 00:00:00-05:00,224.77287777547028,228.61864039722624,224.7528954725484,227.9693603515625,44923900,0.0,0.0
2024-11-15 00:00:00-05:00,226.15134020310103,226.67077335813082,224.023689933323,224.7528839111328,47923700,0.0,0.0
2024-11-18 00:00:00-05:00,225.00261496304853,229.4876892234719,224.92270099550518,227.7695770263672,44686000,0.0,0.0
2024-11-19 00:00:00-05:00,226.73070634208972,229.90722171238716,226.41106572007726,228.02928161621094,36211800,0.0,0.0
2024-11-20 00:00:00-05:00,227.80951934283004,229.67746064503265,225.64190448211673,228.7484893798828,35169600,0.0,0.0
2024-11-21 00:00:00-05:00,228.6286329426038,229.90722593821596,225.46211628612434,228.26902770996094,42108300,0.0,0.0
2024-11-22 00:00:00-05:00,227.80952873867182,230.46661102927646,227.80952873867182,229.61753845214844,38168300,0.0,0.0
2024-11-25 00:00:00-05:00,231.2058026888721,232.99383009111634,229.48769048234254,232.61424255371094,90152800,0.0,0.0
2024-11-26 00:00:00-05:00,233.07373841155265,235.31128373473052,233.07373841155265,234.8018341064453,45986200,0.0,0.0
2024-11-27 00:00:00-05:00,234.21249554010248,235.43115689965902,233.55321672420507,234.67198181152344,33498400,0.0,0.0
2024-11-29 00:00:00-05:00,234.55211454995276,237.5488197625333,233.71304074851764,237.06935119628906,28481400,0.0,0.0
2024-12-02 00:00:00-05:00,237.00941446483552,240.52553753151284,236.89953466637493,239.3268585205078,48137100,0.0,0.0
2024-12-03 00:00:00-05:00,239.54662188503684,242.49337894569658,238.6376176509325,242.3834991455078,38861000,0.0,0.0
2024-12-04 00:00:00-05:00,242.60325739533934,243.84190102311462,240.9850414761411,242.74310302734375,44383900,0.0,0.0
2024-12-05 00:00:00-05:00,243.72204013219255,244.2714238935446,241.86408229295347,242.7730712890625,40033900,0.0,0.0
2024-12-06 00:00:00-05:00,242.6432183998472,244.3613305629988,241.8141281502541,242.5732879638672,36870600,0.0,0.0
2024-12-09 00:00:00-05:00,241.56440918324205,246.96847124510987,241.48449521514058,246.47900390625,44649200,0.0,0.0
2024-12-10 00:00:00-05:00,246.61884065291167,247.93739821602466,245.0705399660552,247.4978790283203,36914800,0.0,0.0
2024-12-11 00:00:00-05:00,247.68767076725757,250.52454792031958,245.98952569372008,246.2192840576172,45205800,0.0,0.0
2024-12-12 00:00:00-05:00,246.61885092340057,248.46682524629017,245.41017310687806,247.68768310546875,32777500,0.0,0.0
2024-12-13 00:00:00-05:00,247.54782582286595,249.01619729452798,245.96955931284188,247.85748291015625,33155300,0.0,0.0
2024-12-16 00:00:00-05:00,247.71764416028498,251.10392039685559,247.3780059899919,250.7642822265625,51694800,0.0,0.0
2024-12-17 00:00:00-05:00,249.80533943156328,253.5512208135588,249.50566587259755,253.20159912109375,51356400,0.0,0.0
2024-12-18 00:00:00-05:00,251.88305927654196,254.0007260278641,247.46791553993853,247.77757263183594,56774100,0.0,0.0
2024-12-19 00:00:00-05:00,247.22817727073837,251.72323503929724,246.81862390484895,249.51565551757812,60882300,0.0,0.0
2024-12-20 00:00:00-05:00,247.76758181309805,254.71994465608725,245.42017186050566,254.21051025390625,147495300,0.0,0.0
2024-12-23 00:00:00-05:00,254.49020366493687,255.36922684225433,253.17164603591402,254.98965454101562,40858800,0.0,0.0
2024-12-24 00:00:00-05:00,255.2094124344067,257.92641115938613,255.0096198916901,257.91644287109375,23234700,0.0,0.0
2024-12-26 00:00:00-05:00,257.90642916266114,259.81433504408284,257.34704665632455,258.7355041503906,27237100,0.0,0.0
2024-12-27 00:00:00-05:00,257.54682582842287,258.41589596104086,252.78207543596488,255.30929565429688,42355300,0.0,0.0
2024-12-30 00:00:00-05:00,251.95298524244893,253.22159473829512,250.47461491371794,251.9230194091797,35557500,0.0,0.0
